series_id,省,市,站点,楼栋,机房,设备类型,设备,测点类型,监控量,上报时间,上报值,单位,__file,__sheet,监控值,组别,测点编码,n_points,duration_s,window_found,v_min,v_max,v_range,best_shift,valley_x,start_level,valley_level,end_level,drop,recover,recover_ratio,pre_down_ratio,post_up_ratio,sign_change_ratio,dynamic_range,end_drop,shape_class,shape_class_cn,reason,generated_plot
咸阳秦都西咸数据中心1号楼D203电力电池机房|2#开关电源蓄电池组|第1组|第1组单体11电池电压|1-D203电池室放电电池数据表.xlsx|DC2|DC2,陕西省,咸阳,中国移动西咸数据中心,咸阳秦都西咸数据中心1号楼站点,咸阳秦都西咸数据中心1号楼D203电力电池机房,铅酸电池,2#开关电源蓄电池组,单体XX电压,第1组单体11电池电压,2025-07-11T00:44:06,2.765,V,1-D203电池室放电电池数据表.xlsx,DC2,2.765,第1组,DC2,28,2893.0,False,2.044,3.038,0.9939999999999998,7,0.5666666666666667,0.19032113170726436,0.008172241395801852,0.5548887983236238,0.1821488903114625,0.546716556927822,3.001481661466569,0.20588235294117646,0.84,0.06451612903225806,0.4267103316667279,0.08625543449894468,discharge_like,放电型异常,存在内部谷底，且谷底后有持续回升，形态接近放电曲线,/mnt/nvme/projects/battery/output_开关电源_原始三分类/单体XX电压/放电型异常/单体XX电压__1-D203电池室放电电池数据表.xlsx__DC2__咸阳秦都西咸数据中心1号楼D203电力电池机房__2#开关电源蓄电池组__第1组__第1组单体11电池电压.png
咸阳秦都西咸数据中心1号楼D203电力电池机房|2#开关电源蓄电池组|第1组|第1组单体16电池电压|1-D203电池室放电电池数据表.xlsx|DC2|DC2,陕西省,咸阳,中国移动西咸数据中心,咸阳秦都西咸数据中心1号楼站点,咸阳秦都西咸数据中心1号楼D203电力电池机房,铅酸电池,2#开关电源蓄电池组,单体XX电压,第1组单体16电池电压,2025-07-11T00:44:46,2.769,V,1-D203电池室放电电池数据表.xlsx,DC2,2.769,第1组,DC2,24,2893.0,False,2.008,2.829,0.8210000000000002,7,0.5666666666666667,0.3791656796840309,0.010887065224209213,0.6028625241162223,0.3682786144598217,0.5919754588920131,1.6074119811515262,0.20588235294117646,0.84,0.06451612903225806,0.4549001799615124,0.047947023475564565,discharge_like,放电型异常,存在内部谷底，且谷底后有持续回升，形态接近放电曲线,/mnt/nvme/projects/battery/output_开关电源_原始三分类/单体XX电压/放电型异常/单体XX电压__1-D203电池室放电电池数据表.xlsx__DC2__咸阳秦都西咸数据中心1号楼D203电力电池机房__2#开关电源蓄电池组__第1组__第1组单体16电池电压.png
咸阳秦都西咸数据中心1号楼D203电力电池机房|2#开关电源蓄电池组|第1组|第1组单体9电池电压|1-D203电池室放电电池数据表.xlsx|DC2|DC2,陕西省,咸阳,中国移动西咸数据中心,咸阳秦都西咸数据中心1号楼站点,咸阳秦都西咸数据中心1号楼D203电力电池机房,铅酸电池,2#开关电源蓄电池组,单体XX电压,第1组单体9电池电压,2025-07-11T00:44:46,2.789,V,1-D203电池室放电电池数据表.xlsx,DC2,2.789,第1组,DC2,22,2893.0,False,2.076,2.844,0.7679999999999998,7,0.5666666666666667,0.27141448547608066,0.010111273330282076,0.5901980026667916,0.2613032121457986,0.5800867293365095,2.219975492658179,0.20588235294117646,0.84,0.06451612903225806,0.4503752209736926,0.05149849034610565,discharge_like,放电型异常,存在内部谷底，且谷底后有持续回升，形态接近放电曲线,/mnt/nvme/projects/battery/output_开关电源_原始三分类/单体XX电压/放电型异常/单体XX电压__1-D203电池室放电电池数据表.xlsx__DC2__咸阳秦都西咸数据中心1号楼D203电力电池机房__2#开关电源蓄电池组__第1组__第1组单体9电池电压.png
咸阳秦都西咸数据中心1号楼D203电力电池机房|2#开关电源蓄电池组|第2组|第2组单体16电池电压|1-D203电池室放电电池数据表.xlsx|DC2|DC2,陕西省,咸阳,中国移动西咸数据中心,咸阳秦都西咸数据中心1号楼站点,咸阳秦都西咸数据中心1号楼D203电力电池机房,铅酸电池,2#开关电源蓄电池组,单体XX电压,第2组单体16电池电压,2025-07-11T00:41:34,2.182,V,1-D203电池室放电电池数据表.xlsx,DC2,2.182,第2组,DC2,21,2788.0,False,2.018,2.799,0.7810000000000001,6,0.5833333333333334,0.21920078213087624,0.013843594720157976,0.7160710725927262,0.20535718741071826,0.7022274778725682,3.41954174240105,0.2,0.9166666666666666,0.06666666666666667,0.44883395822359706,-0.11673035907795049,discharge_like,放电型异常,存在内部谷底，且谷底后有持续回升，形态接近放电曲线,/mnt/nvme/projects/battery/output_开关电源_原始三分类/单体XX电压/放电型异常/单体XX电压__1-D203电池室放电电池数据表.xlsx__DC2__咸阳秦都西咸数据中心1号楼D203电力电池机房__2#开关电源蓄电池组__第2组__第2组单体16电池电压.png
咸阳秦都西咸数据中心1号楼J301电力电池机房|07#开关电源蓄电池组|第1组|第1组单体22电池电压|1-J301电池室放电电池数据表.xlsx|DC7|DC7,陕西省,咸阳,中国移动西咸数据中心,咸阳秦都西咸数据中心1号楼站点,咸阳秦都西咸数据中心1号楼J301电力电池机房,铅酸电池,07#开关电源蓄电池组,单体XX电压,第1组单体22电池电压,2025-07-09T01:50:32,1.292,V,1-J301电池室放电电池数据表.xlsx,DC7,1.292,第1组,DC7,6,9859.0,False,1.157,1.317,0.15999999999999992,-7,0.5,0.8236448848629397,0.20863822227687445,0.9859186662582631,0.6150066625860653,0.7772804439813886,1.2638569466046354,0.9333333333333333,1.0,0.017857142857142856,0.5008807594906375,-0.01877511165564849,discharge_like,放电型异常,存在内部谷底，且谷底后有持续回升，形态接近放电曲线,/mnt/nvme/projects/battery/output_开关电源_原始三分类/单体XX电压/放电型异常/单体XX电压__1-J301电池室放电电池数据表.xlsx__DC7__咸阳秦都西咸数据中心1号楼J301电力电池机房__07#开关电源蓄电池组__第1组__第1组单体22电池电压.png
咸阳秦都西咸数据中心1号楼J301电力电池机房|07#开关电源蓄电池组|第1组|第1组单体23电池电压|1-J301电池室放电电池数据表.xlsx|DC7|DC7,陕西省,咸阳,中国移动西咸数据中心,咸阳秦都西咸数据中心1号楼站点,咸阳秦都西咸数据中心1号楼J301电力电池机房,铅酸电池,07#开关电源蓄电池组,单体XX电压,第1组单体23电池电压,2025-07-09T01:28:44,3.081,V,1-J301电池室放电电池数据表.xlsx,DC7,3.081,第1组,DC7,11,9859.0,False,2.761,3.143,0.3819999999999997,7,0.5,0.8448631344840019,0.0010418236708240511,0.9979407584837294,0.8438213108131778,0.9968989348129054,1.1814099986059834,0.23333333333333334,0.27586206896551724,0.07142857142857142,0.6297629675578791,-0.0027456553550269103,discharge_like,放电型异常,存在内部谷底，且谷底后有持续回升，形态接近放电曲线,/mnt/nvme/projects/battery/output_开关电源_原始三分类/单体XX电压/放电型异常/单体XX电压__1-J301电池室放电电池数据表.xlsx__DC7__咸阳秦都西咸数据中心1号楼J301电力电池机房__07#开关电源蓄电池组__第1组__第1组单体23电池电压.png
咸阳秦都西咸数据中心1号楼J301电力电池机房|09#开关电源蓄电池组|第1组|第1组单体10电池电压|1-J301电池室放电电池数据表.xlsx|DC9|DC9,陕西省,咸阳,中国移动西咸数据中心,咸阳秦都西咸数据中心1号楼站点,咸阳秦都西咸数据中心1号楼J301电力电池机房,铅酸电池,09#开关电源蓄电池组,单体XX电压,第1组单体10电池电压,2025-07-09T02:17:07,2.266,V,1-J301电池室放电电池数据表.xlsx,DC9,2.266,第1组,DC9,29,1474.0,True,0.0,3.38,3.38,7,0.38333333333333336,0.6693559732971558,0.0475170880546964,0.7394850992062988,0.6218388852424594,0.6919680111516024,1.1127770013433982,0.4782608695652174,0.6944444444444444,0.07142857142857142,0.6298012987844737,0.16558714582310874,discharge_like,放电型异常,存在内部谷底，且谷底后有持续回升，形态接近放电曲线,/mnt/nvme/projects/battery/output_开关电源_原始三分类/单体XX电压/放电型异常/单体XX电压__1-J301电池室放电电池数据表.xlsx__DC9__咸阳秦都西咸数据中心1号楼J301电力电池机房__09#开关电源蓄电池组__第1组__第1组单体10电池电压.png
咸阳秦都西咸数据中心1号楼J301电力电池机房|11#开关电源蓄电池组|第2组|第2组单体17电池电压|1-J301电池室放电电池数据表.xlsx|DC11|DC11,陕西省,咸阳,中国移动西咸数据中心,咸阳秦都西咸数据中心1号楼站点,咸阳秦都西咸数据中心1号楼J301电力电池机房,铅酸电池,11#开关电源蓄电池组,单体XX电压,第2组单体17电池电压,2025-07-08T02:32:29,3.298,V,1-J301电池室放电电池数据表.xlsx,DC11,3.298,第2组,DC11,29,1308.0,True,0.0,3.387,3.387,3,0.6666666666666666,0.6915589005923883,0.06340216314086865,0.7397280586870311,0.6281567374515197,0.6763258955461624,1.0766833405518905,0.3,1.0,0.05555555555555555,0.5890441730600349,0.17568126049774613,discharge_like,放电型异常,存在内部谷底，且谷底后有持续回升，形态接近放电曲线,/mnt/nvme/projects/battery/output_开关电源_原始三分类/单体XX电压/放电型异常/单体XX电压__1-J301电池室放电电池数据表.xlsx__DC11__咸阳秦都西咸数据中心1号楼J301电力电池机房__11#开关电源蓄电池组__第2组__第2组单体17电池电压.png
咸阳秦都西咸数据中心1号楼J301电力电池机房|11#开关电源蓄电池组|第2组|第2组单体19电池电压|1-J301电池室放电电池数据表.xlsx|DC11|DC11,陕西省,咸阳,中国移动西咸数据中心,咸阳秦都西咸数据中心1号楼站点,咸阳秦都西咸数据中心1号楼J301电力电池机房,铅酸电池,11#开关电源蓄电池组,单体XX电压,第2组单体19电池电压,2025-07-08T02:34:22,0.0,V,1-J301电池室放电电池数据表.xlsx,DC11,0.0,第2组,DC11,27,1308.0,True,0.0,3.409,3.409,2,0.6666666666666666,0.686418867512506,0.052188270739643466,0.7083085518478407,0.6342305967728625,0.6561202811081972,1.0345137611023523,0.275,1.0,0.05454545454545454,0.5727966625974208,0.21903123377083622,discharge_like,放电型异常,存在内部谷底，且谷底后有持续回升，形态接近放电曲线,/mnt/nvme/projects/battery/output_开关电源_原始三分类/单体XX电压/放电型异常/单体XX电压__1-J301电池室放电电池数据表.xlsx__DC11__咸阳秦都西咸数据中心1号楼J301电力电池机房__11#开关电源蓄电池组__第2组__第2组单体19电池电压.png
咸阳秦都西咸数据中心1号楼J301电力电池机房|12#开关电源蓄电池组|第2组|第2组单体18电池电压|1-J301电池室放电电池数据表.xlsx|DC12|DC12,陕西省,咸阳,中国移动西咸数据中心,咸阳秦都西咸数据中心1号楼站点,咸阳秦都西咸数据中心1号楼J301电力电池机房,铅酸电池,12#开关电源蓄电池组,单体XX电压,第2组单体18电池电压,2025-07-08T02:36:26,1.771,V,1-J301电池室放电电池数据表.xlsx,DC12,1.771,第2组,DC12,22,1064.0,True,1.546,2.086,0.5399999999999998,7,0.5,0.6263032825859727,0.01301771039511844,0.31008063072329434,0.6132855721908542,0.2970629203281759,0.48437943645501347,0.7,0.9655172413793104,0.07142857142857142,0.6175933895687582,0.463260766105879,discharge_like,放电型异常,存在内部谷底，且谷底后有持续回升，形态接近放电曲线,/mnt/nvme/projects/battery/output_开关电源_原始三分类/单体XX电压/放电型异常/单体XX电压__1-J301电池室放电电池数据表.xlsx__DC12__咸阳秦都西咸数据中心1号楼J301电力电池机房__12#开关电源蓄电池组__第2组__第2组单体18电池电压.png
咸阳秦都西咸数据中心1号楼D203电力电池机房|2#开关电源蓄电池组|第2组|第2组单体10电池电压|1-D203电池室放电电池数据表.xlsx|DC2|DC2,陕西省,咸阳,中国移动西咸数据中心,咸阳秦都西咸数据中心1号楼站点,咸阳秦都西咸数据中心1号楼D203电力电池机房,铅酸电池,2#开关电源蓄电池组,单体XX电压,第2组单体10电池电压,2025-07-11T00:25:51,2.043,V,1-D203电池室放电电池数据表.xlsx,DC2,2.043,第2组,DC2,35,2959.0,True,0.0,3.406,3.406,7,0.9333333333333333,0.6922332469193279,0.5561839237436274,0.6590775102055582,0.1360493231757005,0.10289358646193081,0.7562961968781938,0.19642857142857142,0.6666666666666666,0.23076923076923078,0.059823385032903964,0.12395526046296235,invalid_or_bad_collection,疑似操作或采集异常,整体动态范围过小，更像平线或轻微波动,/mnt/nvme/projects/battery/output_开关电源_原始三分类/单体XX电压/疑似操作或采集异常/单体XX电压__1-D203电池室放电电池数据表.xlsx__DC2__咸阳秦都西咸数据中心1号楼D203电力电池机房__2#开关电源蓄电池组__第2组__第2组单体10电池电压.png
咸阳秦都西咸数据中心1号楼D203电力电池机房|2#开关电源蓄电池组|第2组|第2组单体6电池电压|1-D203电池室放电电池数据表.xlsx|DC2|DC2,陕西省,咸阳,中国移动西咸数据中心,咸阳秦都西咸数据中心1号楼站点,咸阳秦都西咸数据中心1号楼D203电力电池机房,铅酸电池,2#开关电源蓄电池组,单体XX电压,第2组单体6电池电压,2025-07-11T00:43:21,3.047,V,1-D203电池室放电电池数据表.xlsx,DC2,3.047,第2组,DC2,31,2911.0,False,0.0,3.42,3.42,7,0.9333333333333333,0.7123852262324278,0.48681098991431165,0.5904210843829956,0.22557423631811618,0.10361009446868391,0.45931705544267326,0.25,1.0,0.1,0.11733852732498906,0.19098220104670327,invalid_or_bad_collection,疑似操作或采集异常,整体动态范围过小，更像平线或轻微波动,/mnt/nvme/projects/battery/output_开关电源_原始三分类/单体XX电压/疑似操作或采集异常/单体XX电压__1-D203电池室放电电池数据表.xlsx__DC2__咸阳秦都西咸数据中心1号楼D203电力电池机房__2#开关电源蓄电池组__第2组__第2组单体6电池电压.png
咸阳秦都西咸数据中心1号楼D203电力电池机房|2#开关电源蓄电池组|第2组|第2组单体8电池电压|1-D203电池室放电电池数据表.xlsx|DC2|DC2,陕西省,咸阳,中国移动西咸数据中心,咸阳秦都西咸数据中心1号楼站点,咸阳秦都西咸数据中心1号楼D203电力电池机房,铅酸电池,2#开关电源蓄电池组,单体XX电压,第2组单体8电池电压,2025-07-11T00:25:34,2.338,V,1-D203电池室放电电池数据表.xlsx,DC2,2.338,第2组,DC2,36,2911.0,False,0.0,3.359,3.359,7,0.9333333333333333,0.7036136471763125,0.5156559323410369,0.6170292890451399,0.18795771483527557,0.10137335670410297,0.5393412888298007,0.23214285714285715,1.0,0.16666666666666666,0.094201543902793,0.12133999404292206,invalid_or_bad_collection,疑似操作或采集异常,整体动态范围过小，更像平线或轻微波动,/mnt/nvme/projects/battery/output_开关电源_原始三分类/单体XX电压/疑似操作或采集异常/单体XX电压__1-D203电池室放电电池数据表.xlsx__DC2__咸阳秦都西咸数据中心1号楼D203电力电池机房__2#开关电源蓄电池组__第2组__第2组单体8电池电压.png
咸阳秦都西咸数据中心1号楼D203电力电池机房|2#开关电源蓄电池组|第2组|第2组单体9电池电压|1-D203电池室放电电池数据表.xlsx|DC2|DC2,陕西省,咸阳,中国移动西咸数据中心,咸阳秦都西咸数据中心1号楼站点,咸阳秦都西咸数据中心1号楼D203电力电池机房,铅酸电池,2#开关电源蓄电池组,单体XX电压,第2组单体9电池电压,2025-07-11T00:26:09,1.916,V,1-D203电池室放电电池数据表.xlsx,DC2,1.916,第2组,DC2,23,2397.0,True,0.7,2.204,1.5040000000000002,7,0.9833333333333333,0.9919168433964426,0.181127321684744,0.3614789645571317,0.8107895217116986,0.1803516428723877,0.22243953309756487,1.0,0.0,0.0,0.3205472184782904,0.6352877728014453,invalid_or_bad_collection,疑似操作或采集异常,最低点贴近尾部，缺少谷底后的回升段,/mnt/nvme/projects/battery/output_开关电源_原始三分类/单体XX电压/疑似操作或采集异常/单体XX电压__1-D203电池室放电电池数据表.xlsx__DC2__咸阳秦都西咸数据中心1号楼D203电力电池机房__2#开关电源蓄电池组__第2组__第2组单体9电池电压.png
咸阳秦都西咸数据中心1号楼D203电力电池机房|5#开关电源蓄电池组|第2组|第2组单体15电池电压|1-D203电池室放电电池数据表.xlsx|DC5|DC5,陕西省,咸阳,中国移动西咸数据中心,咸阳秦都西咸数据中心1号楼站点,咸阳秦都西咸数据中心1号楼D203电力电池机房,铅酸电池,5#开关电源蓄电池组,单体XX电压,第2组单体15电池电压,2025-07-11T01:39:29,1.353,V,1-D203电池室放电电池数据表.xlsx,DC5,1.353,第2组,DC5,6,33.0,True,1.392,1.951,0.5590000000000002,7,0.9833333333333333,0.9281729307350118,0.009148124244695055,0.022870310611737582,0.9190248064903168,0.013722186367042527,0.01493124696439395,1.0,0.0,0.0,0.7434677974764689,0.9483988616822671,invalid_or_bad_collection,疑似操作或采集异常,最低点贴近尾部，缺少谷底后的回升段,/mnt/nvme/projects/battery/output_开关电源_原始三分类/单体XX电压/疑似操作或采集异常/单体XX电压__1-D203电池室放电电池数据表.xlsx__DC5__咸阳秦都西咸数据中心1号楼D203电力电池机房__5#开关电源蓄电池组__第2组__第2组单体15电池电压.png
咸阳秦都西咸数据中心1号楼D203电力电池机房|5#开关电源蓄电池组|第2组|第2组单体17电池电压|1-D203电池室放电电池数据表.xlsx|DC5|DC5,陕西省,咸阳,中国移动西咸数据中心,咸阳秦都西咸数据中心1号楼站点,咸阳秦都西咸数据中心1号楼D203电力电池机房,铅酸电池,5#开关电源蓄电池组,单体XX电压,第2组单体17电池电压,2025-07-11T01:39:34,1.25,V,1-D203电池室放电电池数据表.xlsx,DC5,1.25,第2组,DC5,6,33.0,True,1.175,1.733,0.558,7,0.9833333333333333,0.8979731312973519,0.008305345101408531,0.020763362753521274,0.8896677861959433,0.012458017652112742,0.014002999581875328,1.0,0.0,0.0,0.6738963958100097,0.9384258897654194,invalid_or_bad_collection,疑似操作或采集异常,最低点贴近尾部，缺少谷底后的回升段,/mnt/nvme/projects/battery/output_开关电源_原始三分类/单体XX电压/疑似操作或采集异常/单体XX电压__1-D203电池室放电电池数据表.xlsx__DC5__咸阳秦都西咸数据中心1号楼D203电力电池机房__5#开关电源蓄电池组__第2组__第2组单体17电池电压.png
咸阳秦都西咸数据中心1号楼D203电力电池机房|5#开关电源蓄电池组|第2组|第2组单体19电池电压|1-D203电池室放电电池数据表.xlsx|DC5|DC5,陕西省,咸阳,中国移动西咸数据中心,咸阳秦都西咸数据中心1号楼站点,咸阳秦都西咸数据中心1号楼D203电力电池机房,铅酸电池,5#开关电源蓄电池组,单体XX电压,第2组单体19电池电压,2025-07-11T01:39:01,1.354,V,1-D203电池室放电电池数据表.xlsx,DC5,1.354,第2组,DC5,6,33.0,True,1.061,1.726,0.665,7,0.9833333333333333,0.8657266653316098,0.006248065684793108,0.015620164211982746,0.8594785996468167,0.009372098527189638,0.010904400086443677,1.0,0.0,0.0,0.605313331755539,0.930670501920661,invalid_or_bad_collection,疑似操作或采集异常,最低点贴近尾部，缺少谷底后的回升段,/mnt/nvme/projects/battery/output_开关电源_原始三分类/单体XX电压/疑似操作或采集异常/单体XX电压__1-D203电池室放电电池数据表.xlsx__DC5__咸阳秦都西咸数据中心1号楼D203电力电池机房__5#开关电源蓄电池组__第2组__第2组单体19电池电压.png
咸阳秦都西咸数据中心1号楼D203电力电池机房|5#开关电源蓄电池组|第2组|第2组单体21电池电压|1-D203电池室放电电池数据表.xlsx|DC5|DC5,陕西省,咸阳,中国移动西咸数据中心,咸阳秦都西咸数据中心1号楼站点,咸阳秦都西咸数据中心1号楼D203电力电池机房,铅酸电池,5#开关电源蓄电池组,单体XX电压,第2组单体21电池电压,2025-07-11T01:39:16,0.87,V,1-D203电池室放电电池数据表.xlsx,DC5,0.87,第2组,DC5,8,5912.0,True,0.791,2.189,1.3980000000000001,1,0.9833333333333333,0.9999999999999998,0.42857142857142855,0.7142857142857142,0.5714285714285712,0.28571428571428564,0.49999999912500015,0.06779661016949153,0.0,0.0,0.0,0.2857142857142856,invalid_or_bad_collection,疑似操作或采集异常,整体动态范围过小，更像平线或轻微波动,/mnt/nvme/projects/battery/output_开关电源_原始三分类/单体XX电压/疑似操作或采集异常/单体XX电压__1-D203电池室放电电池数据表.xlsx__DC5__咸阳秦都西咸数据中心1号楼D203电力电池机房__5#开关电源蓄电池组__第2组__第2组单体21电池电压.png
咸阳秦都西咸数据中心1号楼D203电力电池机房|5#开关电源蓄电池组|第2组|第2组单体7电池电压|1-D203电池室放电电池数据表.xlsx|DC5|DC5,陕西省,咸阳,中国移动西咸数据中心,咸阳秦都西咸数据中心1号楼站点,咸阳秦都西咸数据中心1号楼D203电力电池机房,铅酸电池,5#开关电源蓄电池组,单体XX电压,第2组单体7电池电压,2025-07-11T00:00:53,2.081,V,1-D203电池室放电电池数据表.xlsx,DC5,2.081,第2组,DC5,8,5912.0,True,1.403,2.083,0.6800000000000002,1,0.9833333333333333,0.9971978712567866,0.42854992886240123,0.7142140485889568,0.5686479423943853,0.28566411972655553,0.5023567271190031,0.06779661016949153,0.0,0.0,0.0023592347372527467,0.28558528746012246,invalid_or_bad_collection,疑似操作或采集异常,整体动态范围过小，更像平线或轻微波动,/mnt/nvme/projects/battery/output_开关电源_原始三分类/单体XX电压/疑似操作或采集异常/单体XX电压__1-D203电池室放电电池数据表.xlsx__DC5__咸阳秦都西咸数据中心1号楼D203电力电池机房__5#开关电源蓄电池组__第2组__第2组单体7电池电压.png
咸阳秦都西咸数据中心1号楼D203电力电池机房|5#开关电源蓄电池组|第2组|第2组单体9电池电压|1-D203电池室放电电池数据表.xlsx|DC5|DC5,陕西省,咸阳,中国移动西咸数据中心,咸阳秦都西咸数据中心1号楼站点,咸阳秦都西咸数据中心1号楼D203电力电池机房,铅酸电池,5#开关电源蓄电池组,单体XX电压,第2组单体9电池电压,2025-07-11T01:38:48,2.112,V,1-D203电池室放电电池数据表.xlsx,DC5,2.112,第2组,DC5,8,5912.0,True,1.545,2.112,0.5670000000000002,1,0.9833333333333333,0.9983197324450038,0.4285585364930016,0.7142427406909575,0.5697611959520023,0.2856842041979559,0.501410425501515,0.06779661016949153,0.0,0.0,0.0014146907393985941,0.2856369332437234,invalid_or_bad_collection,疑似操作或采集异常,整体动态范围过小，更像平线或轻微波动,/mnt/nvme/projects/battery/output_开关电源_原始三分类/单体XX电压/疑似操作或采集异常/单体XX电压__1-D203电池室放电电池数据表.xlsx__DC5__咸阳秦都西咸数据中心1号楼D203电力电池机房__5#开关电源蓄电池组__第2组__第2组单体9电池电压.png
咸阳秦都西咸数据中心1号楼D203电力电池机房|6#开关电源蓄电池组|第1组|第1组单体16电池电压|1-D203电池室放电电池数据表.xlsx|DC6|DC6,陕西省,咸阳,中国移动西咸数据中心,咸阳秦都西咸数据中心1号楼站点,咸阳秦都西咸数据中心1号楼D203电力电池机房,铅酸电池,6#开关电源蓄电池组,单体XX电压,第1组单体16电池电压,2025-07-11T01:41:00,1.948,V,1-D203电池室放电电池数据表.xlsx,DC6,1.948,第1组,DC6,10,6755.0,False,1.783,2.47,0.6870000000000003,-7,0.9333333333333333,0.9999389453299115,0.15462972662091004,0.2294973896240054,0.8453092187090014,0.07486766300309536,0.0885683738654461,0.125,1.0,0.1111111111111111,0.5266700057906555,0.7704781885079592,invalid_or_bad_collection,疑似操作或采集异常,最低点贴近尾部，缺少谷底后的回升段,/mnt/nvme/projects/battery/output_开关电源_原始三分类/单体XX电压/疑似操作或采集异常/单体XX电压__1-D203电池室放电电池数据表.xlsx__DC6__咸阳秦都西咸数据中心1号楼D203电力电池机房__6#开关电源蓄电池组__第1组__第1组单体16电池电压.png
咸阳秦都西咸数据中心1号楼D203电力电池机房|6#开关电源蓄电池组|第2组|第2组单体11电池电压|1-D203电池室放电电池数据表.xlsx|DC6|DC6,陕西省,咸阳,中国移动西咸数据中心,咸阳秦都西咸数据中心1号楼站点,咸阳秦都西咸数据中心1号楼D203电力电池机房,铅酸电池,6#开关电源蓄电池组,单体XX电压,第2组单体11电池电压,2025-07-11T00:00:53,2.361,V,1-D203电池室放电电池数据表.xlsx,DC6,2.361,第2组,DC6,28,7025.0,False,1.962,2.72,0.7580000000000002,-7,0.8333333333333334,0.5237361648348982,0.3517901435198402,0.47514563966539347,0.17194602131505793,0.12335549614555325,0.7174082568745213,0.06,0.4444444444444444,0.4,0.10496251445021909,0.04990220275138468,invalid_or_bad_collection,疑似操作或采集异常,整体动态范围过小，更像平线或轻微波动,/mnt/nvme/projects/battery/output_开关电源_原始三分类/单体XX电压/疑似操作或采集异常/单体XX电压__1-D203电池室放电电池数据表.xlsx__DC6__咸阳秦都西咸数据中心1号楼D203电力电池机房__6#开关电源蓄电池组__第2组__第2组单体11电池电压.png
咸阳秦都西咸数据中心1号楼D203电力电池机房|6#开关电源蓄电池组|第2组|第2组单体13电池电压|1-D203电池室放电电池数据表.xlsx|DC6|DC6,陕西省,咸阳,中国移动西咸数据中心,咸阳秦都西咸数据中心1号楼站点,咸阳秦都西咸数据中心1号楼D203电力电池机房,铅酸电池,6#开关电源蓄电池组,单体XX电压,第2组单体13电池电压,2025-07-11T01:42:35,2.021,V,1-D203电池室放电电池数据表.xlsx,DC6,2.021,第2组,DC6,23,6674.0,True,1.967,2.832,0.8649999999999998,3,0.8833333333333333,0.3277143623893001,0.25820704269117734,0.2915466212596532,0.06950731969812274,0.03333957856847586,0.4796556425081178,0.03773584905660377,0.3333333333333333,0.2857142857142857,0.03640855417010547,0.03616774112964688,invalid_or_bad_collection,疑似操作或采集异常,整体动态范围过小，更像平线或轻微波动,/mnt/nvme/projects/battery/output_开关电源_原始三分类/单体XX电压/疑似操作或采集异常/单体XX电压__1-D203电池室放电电池数据表.xlsx__DC6__咸阳秦都西咸数据中心1号楼D203电力电池机房__6#开关电源蓄电池组__第2组__第2组单体13电池电压.png
咸阳秦都西咸数据中心1号楼D203电力电池机房|6#开关电源蓄电池组|第2组|第2组单体16电池电压|1-D203电池室放电电池数据表.xlsx|DC6|DC6,陕西省,咸阳,中国移动西咸数据中心,咸阳秦都西咸数据中心1号楼站点,咸阳秦都西咸数据中心1号楼D203电力电池机房,铅酸电池,6#开关电源蓄电池组,单体XX电压,第2组单体16电池电压,2025-07-11T01:44:49,1.698,V,1-D203电池室放电电池数据表.xlsx,DC6,1.698,第2组,DC6,21,6507.0,True,1.052,2.377,1.3249999999999997,5,0.9833333333333333,0.9999999999999998,0.17841723485774458,0.4060446390333579,0.8215827651422551,0.22762740417561333,0.277059614145071,0.13559322033898305,0.0,0.0,0.13262627126658977,0.5939553609666419,invalid_or_bad_collection,疑似操作或采集异常,最低点贴近尾部，缺少谷底后的回升段,/mnt/nvme/projects/battery/output_开关电源_原始三分类/单体XX电压/疑似操作或采集异常/单体XX电压__1-D203电池室放电电池数据表.xlsx__DC6__咸阳秦都西咸数据中心1号楼D203电力电池机房__6#开关电源蓄电池组__第2组__第2组单体16电池电压.png
咸阳秦都西咸数据中心1号楼D203电力电池机房|6#开关电源蓄电池组|第2组|第2组单体17电池电压|1-D203电池室放电电池数据表.xlsx|DC6|DC6,陕西省,咸阳,中国移动西咸数据中心,咸阳秦都西咸数据中心1号楼站点,咸阳秦都西咸数据中心1号楼D203电力电池机房,铅酸电池,6#开关电源蓄电池组,单体XX电压,第2组单体17电池电压,2025-07-11T01:40:55,2.154,V,1-D203电池室放电电池数据表.xlsx,DC6,2.154,第2组,DC6,36,6958.0,False,1.839,3.034,1.1949999999999998,5,0.8166666666666667,0.1616435219306717,0.12110737201767495,0.39650100985601516,0.04053614991299674,0.2753936378383402,6.793778679910214,0.04081632653061224,0.6,0.4,0.16800371827433327,-0.047884437095259746,invalid_or_bad_collection,疑似操作或采集异常,锯齿波动偏强且整体幅度不大，更像噪声或采样问题,/mnt/nvme/projects/battery/output_开关电源_原始三分类/单体XX电压/疑似操作或采集异常/单体XX电压__1-D203电池室放电电池数据表.xlsx__DC6__咸阳秦都西咸数据中心1号楼D203电力电池机房__6#开关电源蓄电池组__第2组__第2组单体17电池电压.png
咸阳秦都西咸数据中心1号楼D203电力电池机房|6#开关电源蓄电池组|第2组|第2组单体19电池电压|1-D203电池室放电电池数据表.xlsx|DC6|DC6,陕西省,咸阳,中国移动西咸数据中心,咸阳秦都西咸数据中心1号楼站点,咸阳秦都西咸数据中心1号楼D203电力电池机房,铅酸电池,6#开关电源蓄电池组,单体XX电压,第2组单体19电池电压,2025-07-11T01:40:55,2.243,V,1-D203电池室放电电池数据表.xlsx,DC6,2.243,第2组,DC6,37,7135.0,False,1.851,3.278,1.427,7,0.8,0.17038692013090037,0.13801848897018845,0.41395347668551563,0.03236843116071192,0.2759349877153272,8.52481783316805,0.041666666666666664,0.5454545454545454,0.3333333333333333,0.15126509987439501,0.03848651746880305,invalid_or_bad_collection,疑似操作或采集异常,锯齿波动偏强且整体幅度不大，更像噪声或采样问题,/mnt/nvme/projects/battery/output_开关电源_原始三分类/单体XX电压/疑似操作或采集异常/单体XX电压__1-D203电池室放电电池数据表.xlsx__DC6__咸阳秦都西咸数据中心1号楼D203电力电池机房__6#开关电源蓄电池组__第2组__第2组单体19电池电压.png
咸阳秦都西咸数据中心1号楼D203电力电池机房|6#开关电源蓄电池组|第2组|第2组单体21电池电压|1-D203电池室放电电池数据表.xlsx|DC6|DC6,陕西省,咸阳,中国移动西咸数据中心,咸阳秦都西咸数据中心1号楼站点,咸阳秦都西咸数据中心1号楼D203电力电池机房,铅酸电池,6#开关电源蓄电池组,单体XX电压,第2组单体21电池电压,2025-07-11T00:00:53,2.225,V,1-D203电池室放电电池数据表.xlsx,DC6,2.225,第2组,DC6,33,6644.0,True,0.0,3.406,3.406,7,0.8666666666666667,0.11503813088679338,0.09974061676945928,0.5550164551576676,0.015297514117334099,0.45527583838820834,29.76142431605254,0.019230769230769232,1.0,0.14285714285714285,0.014112663248482468,-0.37237058665293954,invalid_or_bad_collection,疑似操作或采集异常,整体动态范围过小，更像平线或轻微波动,/mnt/nvme/projects/battery/output_开关电源_原始三分类/单体XX电压/疑似操作或采集异常/单体XX电压__1-D203电池室放电电池数据表.xlsx__DC6__咸阳秦都西咸数据中心1号楼D203电力电池机房__6#开关电源蓄电池组__第2组__第2组单体21电池电压.png
咸阳秦都西咸数据中心1号楼D203电力电池机房|6#开关电源蓄电池组|第2组|第2组单体9电池电压|1-D203电池室放电电池数据表.xlsx|DC6|DC6,陕西省,咸阳,中国移动西咸数据中心,咸阳秦都西咸数据中心1号楼站点,咸阳秦都西咸数据中心1号楼D203电力电池机房,铅酸电池,6#开关电源蓄电池组,单体XX电压,第2组单体9电池电压,2025-07-11T01:43:34,2.01,V,1-D203电池室放电电池数据表.xlsx,DC6,2.01,第2组,DC6,24,7442.0,False,1.957,2.57,0.6129999999999998,-7,0.85,0.6996991011668405,0.3718710905344152,0.5695514150636312,0.32782801063242534,0.19768032452921597,0.6030001022330682,0.11764705882352941,0.875,0.35714285714285715,0.19312839701496776,0.13172962831294655,invalid_or_bad_collection,疑似操作或采集异常,锯齿波动偏强且整体幅度不大，更像噪声或采样问题,/mnt/nvme/projects/battery/output_开关电源_原始三分类/单体XX电压/疑似操作或采集异常/单体XX电压__1-D203电池室放电电池数据表.xlsx__DC6__咸阳秦都西咸数据中心1号楼D203电力电池机房__6#开关电源蓄电池组__第2组__第2组单体9电池电压.png
咸阳秦都西咸数据中心1号楼D303电力电池机房|6#开关电源蓄电池组|第2组|第2组单体7电池电压|1-D303电池室放电电池数据表.xlsx|DC6|DC6,陕西省,咸阳,中国移动西咸数据中心,咸阳秦都西咸数据中心1号楼站点,咸阳秦都西咸数据中心1号楼D303电力电池机房,铅酸电池,6#开关电源蓄电池组,单体XX电压,第2组单体7电池电压,2025-07-10T02:19:15,1.648,V,1-D303电池室放电电池数据表.xlsx,DC6,1.648,第2组,DC6,9,8824.0,True,1.49,2.291,0.8009999999999999,7,0.9833333333333333,0.9999480720057908,0.04997661547426231,0.11936716021230631,0.9499714565315285,0.069390544738044,0.07304487328319652,0.1864406779661017,0.0,0.0,0.5446225132015717,0.8806120685900101,invalid_or_bad_collection,疑似操作或采集异常,最低点贴近尾部，缺少谷底后的回升段,/mnt/nvme/projects/battery/output_开关电源_原始三分类/单体XX电压/疑似操作或采集异常/单体XX电压__1-D303电池室放电电池数据表.xlsx__DC6__咸阳秦都西咸数据中心1号楼D303电力电池机房__6#开关电源蓄电池组__第2组__第2组单体7电池电压.png
咸阳秦都西咸数据中心1号楼J301电力电池机房|05#开关电源蓄电池组|第2组|第2组单体10电池电压|1-J301电池室放电电池数据表.xlsx|DC5|DC5,陕西省,咸阳,中国移动西咸数据中心,咸阳秦都西咸数据中心1号楼站点,咸阳秦都西咸数据中心1号楼J301电力电池机房,铅酸电池,05#开关电源蓄电池组,单体XX电压,第2组单体10电池电压,2025-07-09T01:11:23,3.058,V,1-J301电池室放电电池数据表.xlsx,DC5,3.058,第2组,DC5,37,7782.0,False,1.938,3.187,1.2489999999999999,-7,0.016666666666666666,0.18124688067304628,0.1727085441658722,0.2567017949576157,0.008538336507174088,0.0839932507917435,9.83719028688789,1.0,0.13793103448275862,0.35714285714285715,0.11380765736328313,0.22491150285653155,invalid_or_bad_collection,疑似操作或采集异常,整体动态范围过小，更像平线或轻微波动,/mnt/nvme/projects/battery/output_开关电源_原始三分类/单体XX电压/疑似操作或采集异常/单体XX电压__1-J301电池室放电电池数据表.xlsx__DC5__咸阳秦都西咸数据中心1号楼J301电力电池机房__05#开关电源蓄电池组__第2组__第2组单体10电池电压.png
咸阳秦都西咸数据中心1号楼J301电力电池机房|05#开关电源蓄电池组|第2组|第2组单体12电池电压|1-J301电池室放电电池数据表.xlsx|DC5|DC5,陕西省,咸阳,中国移动西咸数据中心,咸阳秦都西咸数据中心1号楼站点,咸阳秦都西咸数据中心1号楼J301电力电池机房,铅酸电池,05#开关电源蓄电池组,单体XX电压,第2组单体12电池电压,2025-07-09T01:11:31,2.978,V,1-J301电池室放电电池数据表.xlsx,DC5,2.978,第2组,DC5,35,7782.0,True,1.923,3.152,1.229,-7,0.016666666666666666,0.21069893952078236,0.20310034945223224,0.27668855867021336,0.007598590068550126,0.07358820921798112,9.684454467165102,1.0,0.13793103448275862,0.35714285714285715,0.1233857215831915,0.22890420155091495,invalid_or_bad_collection,疑似操作或采集异常,最低点贴近起点，像截断或采集窗口异常,/mnt/nvme/projects/battery/output_开关电源_原始三分类/单体XX电压/疑似操作或采集异常/单体XX电压__1-J301电池室放电电池数据表.xlsx__DC5__咸阳秦都西咸数据中心1号楼J301电力电池机房__05#开关电源蓄电池组__第2组__第2组单体12电池电压.png
咸阳秦都西咸数据中心1号楼J301电力电池机房|05#开关电源蓄电池组|第2组|第2组单体14电池电压|1-J301电池室放电电池数据表.xlsx|DC5|DC5,陕西省,咸阳,中国移动西咸数据中心,咸阳秦都西咸数据中心1号楼站点,咸阳秦都西咸数据中心1号楼J301电力电池机房,铅酸电池,05#开关电源蓄电池组,单体XX电压,第2组单体14电池电压,2025-07-09T01:11:23,3.003,V,1-J301电池室放电电池数据表.xlsx,DC5,3.003,第2组,DC5,34,7778.0,True,1.925,3.161,1.236,-7,0.016666666666666666,0.130389101112613,0.12044633512863494,0.2038796548396041,0.009942765983978072,0.08343331971096916,8.391358245186165,1.0,0.10344827586206896,0.4166666666666667,0.13996405682696456,0.24938221713896794,invalid_or_bad_collection,疑似操作或采集异常,最低点贴近起点，像截断或采集窗口异常,/mnt/nvme/projects/battery/output_开关电源_原始三分类/单体XX电压/疑似操作或采集异常/单体XX电压__1-J301电池室放电电池数据表.xlsx__DC5__咸阳秦都西咸数据中心1号楼J301电力电池机房__05#开关电源蓄电池组__第2组__第2组单体14电池电压.png
咸阳秦都西咸数据中心1号楼J301电力电池机房|05#开关电源蓄电池组|第2组|第2组单体16电池电压|1-J301电池室放电电池数据表.xlsx|DC5|DC5,陕西省,咸阳,中国移动西咸数据中心,咸阳秦都西咸数据中心1号楼站点,咸阳秦都西咸数据中心1号楼J301电力电池机房,铅酸电池,05#开关电源蓄电池组,单体XX电压,第2组单体16电池电压,2025-07-09T01:11:23,2.934,V,1-J301电池室放电电池数据表.xlsx,DC5,2.934,第2组,DC5,36,7782.0,False,1.929,3.137,1.208,-7,0.03333333333333333,0.22076948533794122,0.20754717788571078,0.29606493758319197,0.013222307452230436,0.08851775969748119,6.694576821988249,1.0,0.10526315789473684,0.4166666666666667,0.08316069246652247,0.18088655845305623,invalid_or_bad_collection,疑似操作或采集异常,整体动态范围过小，更像平线或轻微波动,/mnt/nvme/projects/battery/output_开关电源_原始三分类/单体XX电压/疑似操作或采集异常/单体XX电压__1-J301电池室放电电池数据表.xlsx__DC5__咸阳秦都西咸数据中心1号楼J301电力电池机房__05#开关电源蓄电池组__第2组__第2组单体16电池电压.png
咸阳秦都西咸数据中心1号楼J301电力电池机房|05#开关电源蓄电池组|第2组|第2组单体18电池电压|1-J301电池室放电电池数据表.xlsx|DC5|DC5,陕西省,咸阳,中国移动西咸数据中心,咸阳秦都西咸数据中心1号楼站点,咸阳秦都西咸数据中心1号楼J301电力电池机房,铅酸电池,05#开关电源蓄电池组,单体XX电压,第2组单体18电池电压,2025-07-09T01:11:14,2.709,V,1-J301电池室放电电池数据表.xlsx,DC5,2.709,第2组,DC5,36,7782.0,True,1.888,2.997,1.109,-7,0.05,0.25480065477869007,0.2397127412489094,0.34865503316532076,0.015087913529780672,0.10894229191641136,7.220500334978702,1.0,0.125,0.38461538461538464,0.05684088180102459,0.1294784689038037,invalid_or_bad_collection,疑似操作或采集异常,整体动态范围过小，更像平线或轻微波动,/mnt/nvme/projects/battery/output_开关电源_原始三分类/单体XX电压/疑似操作或采集异常/单体XX电压__1-J301电池室放电电池数据表.xlsx__DC5__咸阳秦都西咸数据中心1号楼J301电力电池机房__05#开关电源蓄电池组__第2组__第2组单体18电池电压.png
咸阳秦都西咸数据中心1号楼J301电力电池机房|05#开关电源蓄电池组|第2组|第2组单体20电池电压|1-J301电池室放电电池数据表.xlsx|DC5|DC5,陕西省,咸阳,中国移动西咸数据中心,咸阳秦都西咸数据中心1号楼站点,咸阳秦都西咸数据中心1号楼J301电力电池机房,铅酸电池,05#开关电源蓄电池组,单体XX电压,第2组单体20电池电压,2025-07-09T01:10:03,2.776,V,1-J301电池室放电电池数据表.xlsx,DC5,2.776,第2组,DC5,34,7782.0,True,1.876,2.856,0.98,-7,0.06666666666666667,0.2276313693273061,0.19063004170459527,0.39293833585470234,0.03700132762271083,0.20230829415010707,5.4675953994239395,1.0,0.10909090909090909,0.38461538461538464,0.09112891201764284,0.08708430202077105,invalid_or_bad_collection,疑似操作或采集异常,整体动态范围过小，更像平线或轻微波动,/mnt/nvme/projects/battery/output_开关电源_原始三分类/单体XX电压/疑似操作或采集异常/单体XX电压__1-J301电池室放电电池数据表.xlsx__DC5__咸阳秦都西咸数据中心1号楼J301电力电池机房__05#开关电源蓄电池组__第2组__第2组单体20电池电压.png
咸阳秦都西咸数据中心1号楼J301电力电池机房|05#开关电源蓄电池组|第2组|第2组单体22电池电压|1-J301电池室放电电池数据表.xlsx|DC5|DC5,陕西省,咸阳,中国移动西咸数据中心,咸阳秦都西咸数据中心1号楼站点,咸阳秦都西咸数据中心1号楼J301电力电池机房,铅酸电池,05#开关电源蓄电池组,单体XX电压,第2组单体22电池电压,2025-07-09T01:10:03,2.757,V,1-J301电池室放电电池数据表.xlsx,DC5,2.757,第2组,DC5,33,7913.0,True,1.861,2.86,0.9989999999999999,-7,0.06666666666666667,0.10484663573072556,0.06364896605199116,0.34537112356600463,0.041197669678734394,0.28172215751401347,6.838303061134816,1.0,0.14545454545454545,0.21428571428571427,0.1397762178485635,0.15045610521670377,invalid_or_bad_collection,疑似操作或采集异常,锯齿波动偏强且整体幅度不大，更像噪声或采样问题,/mnt/nvme/projects/battery/output_开关电源_原始三分类/单体XX电压/疑似操作或采集异常/单体XX电压__1-J301电池室放电电池数据表.xlsx__DC5__咸阳秦都西咸数据中心1号楼J301电力电池机房__05#开关电源蓄电池组__第2组__第2组单体22电池电压.png
咸阳秦都西咸数据中心1号楼J301电力电池机房|05#开关电源蓄电池组|第2组|第2组单体4电池电压|1-J301电池室放电电池数据表.xlsx|DC5|DC5,陕西省,咸阳,中国移动西咸数据中心,咸阳秦都西咸数据中心1号楼站点,咸阳秦都西咸数据中心1号楼J301电力电池机房,铅酸电池,05#开关电源蓄电池组,单体XX电压,第2组单体4电池电压,2025-07-09T01:11:14,3.413,V,1-J301电池室放电电池数据表.xlsx,DC5,3.413,第2组,DC5,42,7778.0,True,0.0,3.413,3.413,-7,0.016666666666666666,0.11861250307085049,0.1098696821430583,0.18087128158753496,0.008742820927792189,0.07100159944447666,8.121130686508971,1.0,0.1206896551724138,0.25,0.16212058248002217,0.2859323369848062,invalid_or_bad_collection,疑似操作或采集异常,最低点贴近起点，像截断或采集窗口异常,/mnt/nvme/projects/battery/output_开关电源_原始三分类/单体XX电压/疑似操作或采集异常/单体XX电压__1-J301电池室放电电池数据表.xlsx__DC5__咸阳秦都西咸数据中心1号楼J301电力电池机房__05#开关电源蓄电池组__第2组__第2组单体4电池电压.png
咸阳秦都西咸数据中心1号楼J301电力电池机房|05#开关电源蓄电池组|第2组|第2组单体6电池电压|1-J301电池室放电电池数据表.xlsx|DC5|DC5,陕西省,咸阳,中国移动西咸数据中心,咸阳秦都西咸数据中心1号楼站点,咸阳秦都西咸数据中心1号楼J301电力电池机房,铅酸电池,05#开关电源蓄电池组,单体XX电压,第2组单体6电池电压,2025-07-09T01:11:27,3.361,V,1-J301电池室放电电池数据表.xlsx,DC5,3.361,第2组,DC5,35,7778.0,True,1.934,3.361,1.4270000000000003,-7,0.0,0.08539997452949698,0.048591262583502604,0.16006141359211207,0.036808711945994374,0.11147015100860946,3.0283631805371223,0.0,0.11864406779661017,0.16666666666666666,0.1847000513818892,0.30428502512128663,invalid_or_bad_collection,疑似操作或采集异常,最低点贴近起点，像截断或采集窗口异常,/mnt/nvme/projects/battery/output_开关电源_原始三分类/单体XX电压/疑似操作或采集异常/单体XX电压__1-J301电池室放电电池数据表.xlsx__DC5__咸阳秦都西咸数据中心1号楼J301电力电池机房__05#开关电源蓄电池组__第2组__第2组单体6电池电压.png
咸阳秦都西咸数据中心1号楼J301电力电池机房|05#开关电源蓄电池组|第2组|第2组单体8电池电压|1-J301电池室放电电池数据表.xlsx|DC5|DC5,陕西省,咸阳,中国移动西咸数据中心,咸阳秦都西咸数据中心1号楼站点,咸阳秦都西咸数据中心1号楼J301电力电池机房,铅酸电池,05#开关电源蓄电池组,单体XX电压,第2组单体8电池电压,2025-07-09T01:11:14,3.141,V,1-J301电池室放电电池数据表.xlsx,DC5,3.141,第2组,DC5,36,7778.0,True,1.967,3.203,1.2359999999999998,-7,0.016666666666666666,0.11896798312137027,0.1104295141141822,0.19846787752286293,0.008538469007188076,0.08803836340868074,10.310789091554577,1.0,0.13793103448275862,0.35714285714285715,0.13997438655287356,0.26433578314725825,invalid_or_bad_collection,疑似操作或采集异常,最低点贴近起点，像截断或采集窗口异常,/mnt/nvme/projects/battery/output_开关电源_原始三分类/单体XX电压/疑似操作或采集异常/单体XX电压__1-J301电池室放电电池数据表.xlsx__DC5__咸阳秦都西咸数据中心1号楼J301电力电池机房__05#开关电源蓄电池组__第2组__第2组单体8电池电压.png
咸阳秦都西咸数据中心1号楼J301电力电池机房|06#开关电源蓄电池组|第1组|第1组单体11电池电压|1-J301电池室放电电池数据表.xlsx|DC6|DC6,陕西省,咸阳,中国移动西咸数据中心,咸阳秦都西咸数据中心1号楼站点,咸阳秦都西咸数据中心1号楼J301电力电池机房,铅酸电池,06#开关电源蓄电池组,单体XX电压,第1组单体11电池电压,2025-07-09T01:14:31,2.182,V,1-J301电池室放电电池数据表.xlsx,DC6,2.182,第1组,DC6,31,4038.0,True,1.731,2.914,1.183,6,0.9833333333333333,0.50755466779332,0.35941430835892624,0.6056418277355009,0.1481403594343938,0.24622751937657467,1.6621231287311486,0.11864406779661017,0.0,0.18181818181818182,0.005058110196756949,0.048996524616699566,invalid_or_bad_collection,疑似操作或采集异常,整体动态范围过小，更像平线或轻微波动,/mnt/nvme/projects/battery/output_开关电源_原始三分类/单体XX电压/疑似操作或采集异常/单体XX电压__1-J301电池室放电电池数据表.xlsx__DC6__咸阳秦都西咸数据中心1号楼J301电力电池机房__06#开关电源蓄电池组__第1组__第1组单体11电池电压.png
咸阳秦都西咸数据中心1号楼J301电力电池机房|06#开关电源蓄电池组|第1组|第1组单体13电池电压|1-J301电池室放电电池数据表.xlsx|DC6|DC6,陕西省,咸阳,中国移动西咸数据中心,咸阳秦都西咸数据中心1号楼站点,咸阳秦都西咸数据中心1号楼J301电力电池机房,铅酸电池,06#开关电源蓄电池组,单体XX电压,第1组单体13电池电压,2025-07-09T01:22:00,2.027,V,1-J301电池室放电电池数据表.xlsx,DC6,2.027,第1组,DC6,35,9928.0,True,1.968,2.669,0.7010000000000001,7,0.3,0.4108915063550686,0.374552944228402,0.5303542868714693,0.036338562126666585,0.15580134264306733,4.28749320934857,0.05555555555555555,0.17073170731707318,0.5,0.11458278046699022,0.012317399071635982,invalid_or_bad_collection,疑似操作或采集异常,整体动态范围过小，更像平线或轻微波动,/mnt/nvme/projects/battery/output_开关电源_原始三分类/单体XX电压/疑似操作或采集异常/单体XX电压__1-J301电池室放电电池数据表.xlsx__DC6__咸阳秦都西咸数据中心1号楼J301电力电池机房__06#开关电源蓄电池组__第1组__第1组单体13电池电压.png
咸阳秦都西咸数据中心1号楼J301电力电池机房|06#开关电源蓄电池组|第1组|第1组单体17电池电压|1-J301电池室放电电池数据表.xlsx|DC6|DC6,陕西省,咸阳,中国移动西咸数据中心,咸阳秦都西咸数据中心1号楼站点,咸阳秦都西咸数据中心1号楼J301电力电池机房,铅酸电池,06#开关电源蓄电池组,单体XX电压,第1组单体17电池电压,2025-07-09T01:18:23,2.089,V,1-J301电池室放电电池数据表.xlsx,DC6,2.089,第1组,DC6,17,3984.0,True,1.594,2.218,0.6239999999999999,3,0.9833333333333333,0.912966044787016,0.3217345185951966,0.5680881646247646,0.5912315261918195,0.24635364602956805,0.4166788046633395,0.15254237288135594,0.0,0.2,0.09377400446836304,0.3448778801622514,invalid_or_bad_collection,疑似操作或采集异常,整体动态范围过小，更像平线或轻微波动,/mnt/nvme/projects/battery/output_开关电源_原始三分类/单体XX电压/疑似操作或采集异常/单体XX电压__1-J301电池室放电电池数据表.xlsx__DC6__咸阳秦都西咸数据中心1号楼J301电力电池机房__06#开关电源蓄电池组__第1组__第1组单体17电池电压.png
咸阳秦都西咸数据中心1号楼J301电力电池机房|06#开关电源蓄电池组|第1组|第1组单体21电池电压|1-J301电池室放电电池数据表.xlsx|DC6|DC6,陕西省,咸阳,中国移动西咸数据中心,咸阳秦都西咸数据中心1号楼站点,咸阳秦都西咸数据中心1号楼J301电力电池机房,铅酸电池,06#开关电源蓄电池组,单体XX电压,第1组单体21电池电压,2025-07-09T01:12:32,1.931,V,1-J301电池室放电电池数据表.xlsx,DC6,1.931,第1组,DC6,22,3984.0,True,0.895,2.084,1.189,7,0.9833333333333333,0.9991978334041475,0.22023848512720462,0.4309956639993846,0.7789593482769428,0.21075717887217998,0.2705624870769086,0.1864406779661017,0.0,0.0,0.18622254201121635,0.5689550801570102,invalid_or_bad_collection,疑似操作或采集异常,最低点贴近尾部，缺少谷底后的回升段,/mnt/nvme/projects/battery/output_开关电源_原始三分类/单体XX电压/疑似操作或采集异常/单体XX电压__1-J301电池室放电电池数据表.xlsx__DC6__咸阳秦都西咸数据中心1号楼J301电力电池机房__06#开关电源蓄电池组__第1组__第1组单体21电池电压.png
咸阳秦都西咸数据中心1号楼J301电力电池机房|06#开关电源蓄电池组|第1组|第1组单体5电池电压|1-J301电池室放电电池数据表.xlsx|DC6|DC6,陕西省,咸阳,中国移动西咸数据中心,咸阳秦都西咸数据中心1号楼站点,咸阳秦都西咸数据中心1号楼J301电力电池机房,铅酸电池,06#开关电源蓄电池组,单体XX电压,第1组单体5电池电压,2025-07-09T01:12:13,2.251,V,1-J301电池室放电电池数据表.xlsx,DC6,2.251,第1组,DC6,14,498.0,True,1.339,2.251,0.9119999999999999,7,0.9833333333333333,0.7979452590481608,0.0054603546065251,0.013650886516312782,0.7924849044416358,0.008190531909787682,0.010335252890682208,1.0,0.0,0.0,0.6051606055583325,0.8850190606810742,invalid_or_bad_collection,疑似操作或采集异常,最低点贴近尾部，缺少谷底后的回升段,/mnt/nvme/projects/battery/output_开关电源_原始三分类/单体XX电压/疑似操作或采集异常/单体XX电压__1-J301电池室放电电池数据表.xlsx__DC6__咸阳秦都西咸数据中心1号楼J301电力电池机房__06#开关电源蓄电池组__第1组__第1组单体5电池电压.png
咸阳秦都西咸数据中心1号楼J301电力电池机房|06#开关电源蓄电池组|第1组|第1组单体7电池电压|1-J301电池室放电电池数据表.xlsx|DC6|DC6,陕西省,咸阳,中国移动西咸数据中心,咸阳秦都西咸数据中心1号楼站点,咸阳秦都西咸数据中心1号楼J301电力电池机房,铅酸电池,06#开关电源蓄电池组,单体XX电压,第1组单体7电池电压,2025-07-09T00:14:34,2.376,V,1-J301电池室放电电池数据表.xlsx,DC6,2.376,第1组,DC6,35,4038.0,True,1.799,3.334,1.5350000000000001,6,0.8166666666666667,0.37896926957596855,0.3362161024046313,0.6438208338321284,0.04275316717133726,0.3076047314274971,7.194899105365544,0.04081632653061224,0.6,0.18181818181818182,0.10937615850499716,0.0034932340717535038,invalid_or_bad_collection,疑似操作或采集异常,整体动态范围过小，更像平线或轻微波动,/mnt/nvme/projects/battery/output_开关电源_原始三分类/单体XX电压/疑似操作或采集异常/单体XX电压__1-J301电池室放电电池数据表.xlsx__DC6__咸阳秦都西咸数据中心1号楼J301电力电池机房__06#开关电源蓄电池组__第1组__第1组单体7电池电压.png
咸阳秦都西咸数据中心1号楼J301电力电池机房|06#开关电源蓄电池组|第1组|第1组单体8电池电压|1-J301电池室放电电池数据表.xlsx|DC6|DC6,陕西省,咸阳,中国移动西咸数据中心,咸阳秦都西咸数据中心1号楼站点,咸阳秦都西咸数据中心1号楼J301电力电池机房,铅酸电池,06#开关电源蓄电池组,单体XX电压,第1组单体8电池电压,2025-07-09T01:21:56,2.612,V,1-J301电池室放电电池数据表.xlsx,DC6,2.612,第1组,DC6,22,3716.0,True,0.838,2.082,1.2439999999999998,4,0.9833333333333333,0.9984566703638093,0.2474652798649797,0.5331753944180865,0.7509913904988296,0.2857101145531068,0.38044392757004336,0.11864406779661017,0.0,0.0,0.04504655482830189,0.4667370111971566,invalid_or_bad_collection,疑似操作或采集异常,整体动态范围过小，更像平线或轻微波动,/mnt/nvme/projects/battery/output_开关电源_原始三分类/单体XX电压/疑似操作或采集异常/单体XX电压__1-J301电池室放电电池数据表.xlsx__DC6__咸阳秦都西咸数据中心1号楼J301电力电池机房__06#开关电源蓄电池组__第1组__第1组单体8电池电压.png
咸阳秦都西咸数据中心1号楼J301电力电池机房|06#开关电源蓄电池组|第1组|第1组单体9电池电压|1-J301电池室放电电池数据表.xlsx|DC6|DC6,陕西省,咸阳,中国移动西咸数据中心,咸阳秦都西咸数据中心1号楼站点,咸阳秦都西咸数据中心1号楼J301电力电池机房,铅酸电池,06#开关电源蓄电池组,单体XX电压,第1组单体9电池电压,2025-07-09T00:14:34,2.349,V,1-J301电池室放电电池数据表.xlsx,DC6,2.349,第1组,DC6,34,4038.0,True,1.865,3.073,1.208,6,0.8166666666666667,0.40655534211658395,0.34377614657583855,0.6251595570713822,0.0627791955407454,0.2813834104955436,4.4821123238319585,0.04081632653061224,0.5,0.2,0.07097874171112045,-0.003679220585405263,invalid_or_bad_collection,疑似操作或采集异常,整体动态范围过小，更像平线或轻微波动,/mnt/nvme/projects/battery/output_开关电源_原始三分类/单体XX电压/疑似操作或采集异常/单体XX电压__1-J301电池室放电电池数据表.xlsx__DC6__咸阳秦都西咸数据中心1号楼J301电力电池机房__06#开关电源蓄电池组__第1组__第1组单体9电池电压.png
咸阳秦都西咸数据中心1号楼J301电力电池机房|06#开关电源蓄电池组|第2组|第2组单体4电池电压|1-J301电池室放电电池数据表.xlsx|DC6|DC6,陕西省,咸阳,中国移动西咸数据中心,咸阳秦都西咸数据中心1号楼站点,咸阳秦都西咸数据中心1号楼J301电力电池机房,铅酸电池,06#开关电源蓄电池组,单体XX电压,第2组单体4电池电压,2025-07-09T01:12:40,1.829,V,1-J301电池室放电电池数据表.xlsx,DC6,1.829,第2组,DC6,15,3969.0,True,1.235,2.177,0.942,7,0.9833333333333333,0.9999999999999998,0.15206472237389995,0.31130678097032666,0.8479352776260998,0.1592420585964267,0.1877997797832458,0.1864406779661017,0.0,0.0,0.32268350479464447,0.6886932190296731,invalid_or_bad_collection,疑似操作或采集异常,最低点贴近尾部，缺少谷底后的回升段,/mnt/nvme/projects/battery/output_开关电源_原始三分类/单体XX电压/疑似操作或采集异常/单体XX电压__1-J301电池室放电电池数据表.xlsx__DC6__咸阳秦都西咸数据中心1号楼J301电力电池机房__06#开关电源蓄电池组__第2组__第2组单体4电池电压.png
咸阳秦都西咸数据中心1号楼J301电力电池机房|08#开关电源蓄电池组|第2组|第2组单体18电池电压|1-J301电池室放电电池数据表.xlsx|DC8|DC8,陕西省,咸阳,中国移动西咸数据中心,咸阳秦都西咸数据中心1号楼站点,咸阳秦都西咸数据中心1号楼J301电力电池机房,铅酸电池,08#开关电源蓄电池组,单体XX电压,第2组单体18电池电压,2025-07-09T02:14:44,2.687,V,1-J301电池室放电电池数据表.xlsx,DC8,2.687,第2组,DC8,35,9862.0,True,0.0,3.33,3.33,7,0.6166666666666667,0.7013031444001286,0.4860400164635448,0.7407575407575403,0.21526312793658386,0.2547175242939955,1.1832845018667124,0.16216216216216217,0.3181818181818182,0.13333333333333333,0.15703359960085383,0.059170860582625884,invalid_or_bad_collection,疑似操作或采集异常,锯齿波动偏强且整体幅度不大，更像噪声或采样问题,/mnt/nvme/projects/battery/output_开关电源_原始三分类/单体XX电压/疑似操作或采集异常/单体XX电压__1-J301电池室放电电池数据表.xlsx__DC8__咸阳秦都西咸数据中心1号楼J301电力电池机房__08#开关电源蓄电池组__第2组__第2组单体18电池电压.png
咸阳秦都西咸数据中心1号楼J301电力电池机房|08#开关电源蓄电池组|第2组|第2组单体8电池电压|1-J301电池室放电电池数据表.xlsx|DC8|DC8,陕西省,咸阳,中国移动西咸数据中心,咸阳秦都西咸数据中心1号楼站点,咸阳秦都西咸数据中心1号楼J301电力电池机房,铅酸电池,08#开关电源蓄电池组,单体XX电压,第2组单体8电池电压,2025-07-09T00:15:41,2.224,V,1-J301电池室放电电池数据表.xlsx,DC8,2.224,第2组,DC8,30,9862.0,False,1.859,2.868,1.009,4,0.5666666666666667,0.35307424555441785,0.22049069109896025,0.36613411611696545,0.1325835544554576,0.1456434250180052,1.098502936640096,0.08823529411764706,0.28,0.125,0.16764660773386197,0.4115311814919286,invalid_or_bad_collection,疑似操作或采集异常,锯齿波动偏强且整体幅度不大，更像噪声或采样问题,/mnt/nvme/projects/battery/output_开关电源_原始三分类/单体XX电压/疑似操作或采集异常/单体XX电压__1-J301电池室放电电池数据表.xlsx__DC8__咸阳秦都西咸数据中心1号楼J301电力电池机房__08#开关电源蓄电池组__第2组__第2组单体8电池电压.png
咸阳秦都西咸数据中心1号楼J301电力电池机房|09#开关电源蓄电池组|第1组|第1组单体22电池电压|1-J301电池室放电电池数据表.xlsx|DC9|DC9,陕西省,咸阳,中国移动西咸数据中心,咸阳秦都西咸数据中心1号楼站点,咸阳秦都西咸数据中心1号楼J301电力电池机房,铅酸电池,09#开关电源蓄电池组,单体XX电压,第1组单体22电池电压,2025-07-09T03:06:14,1.904,V,1-J301电池室放电电池数据表.xlsx,DC9,1.904,第1组,DC9,13,680.0,True,1.533,2.226,0.6930000000000001,7,0.8833333333333333,0.7782585634690914,0.02410802830497296,0.18992470265559636,0.7541505351641185,0.1658166743506234,0.2198721162409123,0.2641509433962264,0.8333333333333334,0.05263157894736842,0.7340924097155828,0.7896889649135566,invalid_or_bad_collection,疑似操作或采集异常,末端突降明显，像结束阶段误操作或截断,/mnt/nvme/projects/battery/output_开关电源_原始三分类/单体XX电压/疑似操作或采集异常/单体XX电压__1-J301电池室放电电池数据表.xlsx__DC9__咸阳秦都西咸数据中心1号楼J301电力电池机房__09#开关电源蓄电池组__第1组__第1组单体22电池电压.png
咸阳秦都西咸数据中心1号楼J301电力电池机房|09#开关电源蓄电池组|第2组|第2组单体9电池电压|1-J301电池室放电电池数据表.xlsx|DC9|DC9,陕西省,咸阳,中国移动西咸数据中心,咸阳秦都西咸数据中心1号楼站点,咸阳秦都西咸数据中心1号楼J301电力电池机房,铅酸电池,09#开关电源蓄电池组,单体XX电压,第2组单体9电池电压,2025-07-09T01:28:17,2.468,V,1-J301电池室放电电池数据表.xlsx,DC9,2.468,第2组,DC9,24,2695.0,True,2.262,3.001,0.7389999999999999,-7,0.9833333333333333,0.49190632217990804,0.07349784660483699,0.12074595606659039,0.41840847557507105,0.047248109461753396,0.11292340405841686,0.4406779661016949,0.0,0.16216216216216217,0.17765900883758873,0.5810880620667216,invalid_or_bad_collection,疑似操作或采集异常,最低点贴近尾部，缺少谷底后的回升段,/mnt/nvme/projects/battery/output_开关电源_原始三分类/单体XX电压/疑似操作或采集异常/单体XX电压__1-J301电池室放电电池数据表.xlsx__DC9__咸阳秦都西咸数据中心1号楼J301电力电池机房__09#开关电源蓄电池组__第2组__第2组单体9电池电压.png
咸阳秦都西咸数据中心1号楼J301电力电池机房|10#开关电源蓄电池组|第1组|第1组单体14电池电压|1-J301电池室放电电池数据表.xlsx|DC10|DC10,陕西省,咸阳,中国移动西咸数据中心,咸阳秦都西咸数据中心1号楼站点,咸阳秦都西咸数据中心1号楼J301电力电池机房,铅酸电池,10#开关电源蓄电池组,单体XX电压,第1组单体14电池电压,2025-07-09T02:18:45,2.144,V,1-J301电池室放电电池数据表.xlsx,DC10,2.144,第1组,DC10,18,1474.0,True,0.823,3.006,2.183,7,0.9833333333333333,0.6841589494167096,0.38902047977274024,0.6094995674295175,0.2951384696439694,0.22047908765677726,0.7470360850474994,0.2711864406779661,0.0,0.11764705882352941,0.041648058022496603,0.16376312068052146,invalid_or_bad_collection,疑似操作或采集异常,整体动态范围过小，更像平线或轻微波动,/mnt/nvme/projects/battery/output_开关电源_原始三分类/单体XX电压/疑似操作或采集异常/单体XX电压__1-J301电池室放电电池数据表.xlsx__DC10__咸阳秦都西咸数据中心1号楼J301电力电池机房__10#开关电源蓄电池组__第1组__第1组单体14电池电压.png
咸阳秦都西咸数据中心1号楼J301电力电池机房|10#开关电源蓄电池组|第1组|第1组单体18电池电压|1-J301电池室放电电池数据表.xlsx|DC10|DC10,陕西省,咸阳,中国移动西咸数据中心,咸阳秦都西咸数据中心1号楼站点,咸阳秦都西咸数据中心1号楼J301电力电池机房,铅酸电池,10#开关电源蓄电池组,单体XX电压,第1组单体18电池电压,2025-07-09T02:19:46,2.135,V,1-J301电池室放电电池数据表.xlsx,DC10,2.135,第1组,DC10,14,1413.0,True,1.157,2.993,1.8359999999999999,7,0.9833333333333333,0.6347449982157833,0.3745848733932805,0.5817901568204584,0.26016012482250284,0.20720528342717792,0.7964528875133848,0.06779661016949153,0.0,0.05555555555555555,0.04466499289814718,0.14402544863798128,invalid_or_bad_collection,疑似操作或采集异常,整体动态范围过小，更像平线或轻微波动,/mnt/nvme/projects/battery/output_开关电源_原始三分类/单体XX电压/疑似操作或采集异常/单体XX电压__1-J301电池室放电电池数据表.xlsx__DC10__咸阳秦都西咸数据中心1号楼J301电力电池机房__10#开关电源蓄电池组__第1组__第1组单体18电池电压.png
咸阳秦都西咸数据中心1号楼J301电力电池机房|10#开关电源蓄电池组|第1组|第1组单体1电池电压|1-J301电池室放电电池数据表.xlsx|DC10|DC10,陕西省,咸阳,中国移动西咸数据中心,咸阳秦都西咸数据中心1号楼站点,咸阳秦都西咸数据中心1号楼J301电力电池机房,铅酸电池,10#开关电源蓄电池组,单体XX电压,第1组单体1电池电压,2025-07-09T02:47:31,0.616,V,1-J301电池室放电电池数据表.xlsx,DC10,0.616,第1组,DC10,21,663.0,True,0.966,2.085,1.119,7,0.9833333333333333,0.8526865115955233,0.11970650031267108,0.2510766776227766,0.7329800112828523,0.1313701773101055,0.1792275029450743,0.8135593220338984,0.0,0.037037037037037035,0.2839792839745189,0.66049714238404,invalid_or_bad_collection,疑似操作或采集异常,最低点贴近尾部，缺少谷底后的回升段,/mnt/nvme/projects/battery/output_开关电源_原始三分类/单体XX电压/疑似操作或采集异常/单体XX电压__1-J301电池室放电电池数据表.xlsx__DC10__咸阳秦都西咸数据中心1号楼J301电力电池机房__10#开关电源蓄电池组__第1组__第1组单体1电池电压.png
咸阳秦都西咸数据中心1号楼J301电力电池机房|10#开关电源蓄电池组|第1组|第1组单体20电池电压|1-J301电池室放电电池数据表.xlsx|DC10|DC10,陕西省,咸阳,中国移动西咸数据中心,咸阳秦都西咸数据中心1号楼站点,咸阳秦都西咸数据中心1号楼J301电力电池机房,铅酸电池,10#开关电源蓄电池组,单体XX电压,第1组单体20电池电压,2025-07-09T02:40:50,2.139,V,1-J301电池室放电电池数据表.xlsx,DC10,2.139,第1组,DC10,14,541.0,True,1.015,2.92,1.905,7,0.9833333333333333,0.5865528598630265,0.385768192735286,0.5973736244689769,0.2007846671277405,0.2116054317336909,1.0538923798657085,0.1864406779661017,0.0,0.06666666666666667,0.11660627266630408,0.14939894025305156,invalid_or_bad_collection,疑似操作或采集异常,整体动态范围过小，更像平线或轻微波动,/mnt/nvme/projects/battery/output_开关电源_原始三分类/单体XX电压/疑似操作或采集异常/单体XX电压__1-J301电池室放电电池数据表.xlsx__DC10__咸阳秦都西咸数据中心1号楼J301电力电池机房__10#开关电源蓄电池组__第1组__第1组单体20电池电压.png
咸阳秦都西咸数据中心1号楼J301电力电池机房|10#开关电源蓄电池组|第1组|第1组单体3电池电压|1-J301电池室放电电池数据表.xlsx|DC10|DC10,陕西省,咸阳,中国移动西咸数据中心,咸阳秦都西咸数据中心1号楼站点,咸阳秦都西咸数据中心1号楼J301电力电池机房,铅酸电池,10#开关电源蓄电池组,单体XX电压,第1组单体3电池电压,2025-07-09T02:47:49,1.756,V,1-J301电池室放电电池数据表.xlsx,DC10,1.756,第1组,DC10,13,262.0,True,0.736,1.883,1.147,7,0.9833333333333333,0.9945556204099123,0.07174636364084144,0.16068338314101013,0.9228092567690709,0.08893701950016869,0.09637638412425291,0.9661016949152542,0.0,0.0,0.5953863235061978,0.8371388650229548,invalid_or_bad_collection,疑似操作或采集异常,最低点贴近尾部，缺少谷底后的回升段,/mnt/nvme/projects/battery/output_开关电源_原始三分类/单体XX电压/疑似操作或采集异常/单体XX电压__1-J301电池室放电电池数据表.xlsx__DC10__咸阳秦都西咸数据中心1号楼J301电力电池机房__10#开关电源蓄电池组__第1组__第1组单体3电池电压.png
咸阳秦都西咸数据中心1号楼J301电力电池机房|10#开关电源蓄电池组|第1组|第1组单体9电池电压|1-J301电池室放电电池数据表.xlsx|DC10|DC10,陕西省,咸阳,中国移动西咸数据中心,咸阳秦都西咸数据中心1号楼站点,咸阳秦都西咸数据中心1号楼J301电力电池机房,铅酸电池,10#开关电源蓄电池组,单体XX电压,第1组单体9电池电压,2025-07-09T02:20:12,2.387,V,1-J301电池室放电电池数据表.xlsx,DC10,2.387,第1组,DC10,15,567.0,True,0.0,2.351,2.351,7,0.9833333333333333,0.8950489782883274,0.17886217657681647,0.3600595491280304,0.716186801711511,0.18119737255121393,0.2530029482045657,0.3898305084745763,0.0,0.0,0.17363032093673225,0.5794883731210864,invalid_or_bad_collection,疑似操作或采集异常,最低点贴近尾部，缺少谷底后的回升段,/mnt/nvme/projects/battery/output_开关电源_原始三分类/单体XX电压/疑似操作或采集异常/单体XX电压__1-J301电池室放电电池数据表.xlsx__DC10__咸阳秦都西咸数据中心1号楼J301电力电池机房__10#开关电源蓄电池组__第1组__第1组单体9电池电压.png
咸阳秦都西咸数据中心1号楼J301电力电池机房|10#开关电源蓄电池组|第2组|第2组单体10电池电压|1-J301电池室放电电池数据表.xlsx|DC10|DC10,陕西省,咸阳,中国移动西咸数据中心,咸阳秦都西咸数据中心1号楼站点,咸阳秦都西咸数据中心1号楼J301电力电池机房,铅酸电池,10#开关电源蓄电池组,单体XX电压,第2组单体10电池电压,2025-07-09T02:35:28,2.929,V,1-J301电池室放电电池数据表.xlsx,DC10,2.929,第2组,DC10,26,1308.0,True,1.755,2.929,1.174,7,0.9833333333333333,0.3538738438468781,0.04557663979895149,0.09614825595401381,0.3082972040479266,0.050571616155062324,0.16403527286989406,0.4067796610169492,0.0,0.125,0.44377252098362485,0.8003892342554839,invalid_or_bad_collection,疑似操作或采集异常,最低点贴近尾部，缺少谷底后的回升段,/mnt/nvme/projects/battery/output_开关电源_原始三分类/单体XX电压/疑似操作或采集异常/单体XX电压__1-J301电池室放电电池数据表.xlsx__DC10__咸阳秦都西咸数据中心1号楼J301电力电池机房__10#开关电源蓄电池组__第2组__第2组单体10电池电压.png
咸阳秦都西咸数据中心1号楼J301电力电池机房|10#开关电源蓄电池组|第2组|第2组单体14电池电压|1-J301电池室放电电池数据表.xlsx|DC10|DC10,陕西省,咸阳,中国移动西咸数据中心,咸阳秦都西咸数据中心1号楼站点,咸阳秦都西咸数据中心1号楼J301电力电池机房,铅酸电池,10#开关电源蓄电池组,单体XX电压,第2组单体14电池电压,2025-07-09T02:24:16,2.277,V,1-J301电池室放电电池数据表.xlsx,DC10,2.277,第2组,DC10,39,1457.0,True,0.0,3.344,3.344,7,0.45,0.6915051085885653,0.4019721331002415,0.7184314144214907,0.2895329754883238,0.31645928132124923,1.0929990951618296,0.18518518518518517,0.5,0.1935483870967742,0.15901903035741383,0.05150452128418115,invalid_or_bad_collection,疑似操作或采集异常,锯齿波动偏强且整体幅度不大，更像噪声或采样问题,/mnt/nvme/projects/battery/output_开关电源_原始三分类/单体XX电压/疑似操作或采集异常/单体XX电压__1-J301电池室放电电池数据表.xlsx__DC10__咸阳秦都西咸数据中心1号楼J301电力电池机房__10#开关电源蓄电池组__第2组__第2组单体14电池电压.png
咸阳秦都西咸数据中心1号楼J301电力电池机房|10#开关电源蓄电池组|第2组|第2组单体1电池电压|1-J301电池室放电电池数据表.xlsx|DC10|DC10,陕西省,咸阳,中国移动西咸数据中心,咸阳秦都西咸数据中心1号楼站点,咸阳秦都西咸数据中心1号楼J301电力电池机房,铅酸电池,10#开关电源蓄电池组,单体XX电压,第2组单体1电池电压,2025-07-09T02:38:22,2.052,V,1-J301电池室放电电池数据表.xlsx,DC10,2.052,第2组,DC10,39,4055.0,True,1.992,3.153,1.161,-7,0.0,0.29051758520627174,0.1438219079561564,0.39864379490564955,0.14669567725011534,0.25482188694949315,1.737078351517781,0.0,0.3389830508474576,0.16666666666666666,0.39025643644002134,0.5475195455175468,invalid_or_bad_collection,疑似操作或采集异常,最低点贴近起点，像截断或采集窗口异常,/mnt/nvme/projects/battery/output_开关电源_原始三分类/单体XX电压/疑似操作或采集异常/单体XX电压__1-J301电池室放电电池数据表.xlsx__DC10__咸阳秦都西咸数据中心1号楼J301电力电池机房__10#开关电源蓄电池组__第2组__第2组单体1电池电压.png
咸阳秦都西咸数据中心1号楼J301电力电池机房|10#开关电源蓄电池组|第2组|第2组单体20电池电压|1-J301电池室放电电池数据表.xlsx|DC10|DC10,陕西省,咸阳,中国移动西咸数据中心,咸阳秦都西咸数据中心1号楼站点,咸阳秦都西咸数据中心1号楼J301电力电池机房,铅酸电池,10#开关电源蓄电池组,单体XX电压,第2组单体20电池电压,2025-07-09T02:35:19,0.0,V,1-J301电池室放电电池数据表.xlsx,DC10,0.0,第2组,DC10,29,1483.0,True,0.0,3.31,3.31,7,0.4666666666666667,0.7181645081933756,0.41221799386555785,0.6944431568536303,0.3059465143278178,0.2822251629880725,0.9224656887680901,0.14285714285714285,0.45161290322580644,0.25925925925925924,0.17430062402308522,0.05756265915928738,invalid_or_bad_collection,疑似操作或采集异常,锯齿波动偏强且整体幅度不大，更像噪声或采样问题,/mnt/nvme/projects/battery/output_开关电源_原始三分类/单体XX电压/疑似操作或采集异常/单体XX电压__1-J301电池室放电电池数据表.xlsx__DC10__咸阳秦都西咸数据中心1号楼J301电力电池机房__10#开关电源蓄电池组__第2组__第2组单体20电池电压.png
咸阳秦都西咸数据中心1号楼J301电力电池机房|10#开关电源蓄电池组|第2组|第2组单体5电池电压|1-J301电池室放电电池数据表.xlsx|DC10|DC10,陕西省,咸阳,中国移动西咸数据中心,咸阳秦都西咸数据中心1号楼站点,咸阳秦都西咸数据中心1号楼J301电力电池机房,铅酸电池,10#开关电源蓄电池组,单体XX电压,第2组单体5电池电压,2025-07-09T02:35:28,2.472,V,1-J301电池室放电电池数据表.xlsx,DC10,2.472,第2组,DC10,17,724.0,True,1.846,2.472,0.6259999999999999,7,0.9833333333333333,0.49729853633888965,0.029141149512517086,0.06726205563573863,0.4681573868263726,0.03812090612322154,0.08142754363060398,0.847457627118644,0.0,0.017241379310344827,0.7033535504481916,0.8890101130130658,invalid_or_bad_collection,疑似操作或采集异常,最低点贴近尾部，缺少谷底后的回升段,/mnt/nvme/projects/battery/output_开关电源_原始三分类/单体XX电压/疑似操作或采集异常/单体XX电压__1-J301电池室放电电池数据表.xlsx__DC10__咸阳秦都西咸数据中心1号楼J301电力电池机房__10#开关电源蓄电池组__第2组__第2组单体5电池电压.png
咸阳秦都西咸数据中心1号楼J301电力电池机房|11#开关电源蓄电池组|第1组|第1组单体10电池电压|1-J301电池室放电电池数据表.xlsx|DC11|DC11,陕西省,咸阳,中国移动西咸数据中心,咸阳秦都西咸数据中心1号楼站点,咸阳秦都西咸数据中心1号楼J301电力电池机房,铅酸电池,11#开关电源蓄电池组,单体XX电压,第1组单体10电池电压,2025-07-08T02:35:50,2.116,V,1-J301电池室放电电池数据表.xlsx,DC11,2.116,第1组,DC11,26,2381.0,True,0.0,3.424,3.424,-4,0.5666666666666667,0.5384175047383176,0.5123586850731398,0.5829213279576213,0.026058819665177868,0.07056264288448155,2.7078218078676786,0.2647058823529412,0.04,0.29411764705882354,0.09822572541080588,0.15489299885003738,invalid_or_bad_collection,疑似操作或采集异常,整体动态范围过小，更像平线或轻微波动,/mnt/nvme/projects/battery/output_开关电源_原始三分类/单体XX电压/疑似操作或采集异常/单体XX电压__1-J301电池室放电电池数据表.xlsx__DC11__咸阳秦都西咸数据中心1号楼J301电力电池机房__11#开关电源蓄电池组__第1组__第1组单体10电池电压.png
咸阳秦都西咸数据中心1号楼J301电力电池机房|12#开关电源蓄电池组|第2组|第2组单体16电池电压|1-J301电池室放电电池数据表.xlsx|DC12|DC12,陕西省,咸阳,中国移动西咸数据中心,咸阳秦都西咸数据中心1号楼站点,咸阳秦都西咸数据中心1号楼J301电力电池机房,铅酸电池,12#开关电源蓄电池组,单体XX电压,第2组单体16电池电压,2025-07-08T02:57:04,0.622,V,1-J301电池室放电电池数据表.xlsx,DC12,0.622,第2组,DC12,21,881.0,True,0.674,1.882,1.2079999999999997,7,0.9833333333333333,0.9484016790892594,0.006070180836393359,0.01517545209098342,0.9423314982528661,0.00910527125459006,0.009662492723430382,1.0,0.0,0.0,0.8753028607302189,0.9549404332339969,invalid_or_bad_collection,疑似操作或采集异常,最低点贴近尾部，缺少谷底后的回升段,/mnt/nvme/projects/battery/output_开关电源_原始三分类/单体XX电压/疑似操作或采集异常/单体XX电压__1-J301电池室放电电池数据表.xlsx__DC12__咸阳秦都西咸数据中心1号楼J301电力电池机房__12#开关电源蓄电池组__第2组__第2组单体16电池电压.png
咸阳秦都西咸数据中心1号楼J301电力电池机房|12#开关电源蓄电池组|第2组|第2组单体17电池电压|1-J301电池室放电电池数据表.xlsx|DC12|DC12,陕西省,咸阳,中国移动西咸数据中心,咸阳秦都西咸数据中心1号楼站点,咸阳秦都西咸数据中心1号楼J301电力电池机房,铅酸电池,12#开关电源蓄电池组,单体XX电压,第2组单体17电池电压,2025-07-08T03:12:29,2.627,V,1-J301电池室放电电池数据表.xlsx,DC12,2.627,第2组,DC12,27,1108.0,True,1.959,2.749,0.79,-7,0.9833333333333333,0.8426316101465284,0.21026384894515954,0.23976184885368995,0.632367761201369,0.029497999908530415,0.0466469065498269,0.7627118644067796,0.0,0.10526315789473684,0.5256089706618511,0.7009897869654222,invalid_or_bad_collection,疑似操作或采集异常,最低点贴近尾部，缺少谷底后的回升段,/mnt/nvme/projects/battery/output_开关电源_原始三分类/单体XX电压/疑似操作或采集异常/单体XX电压__1-J301电池室放电电池数据表.xlsx__DC12__咸阳秦都西咸数据中心1号楼J301电力电池机房__12#开关电源蓄电池组__第2组__第2组单体17电池电压.png
咸阳秦都西咸数据中心1号楼J301电力电池机房|14#开关电源蓄电池组|第1组|第1组单体17电池电压|1-J301电池室放电电池数据表.xlsx|DC14|DC14,陕西省,咸阳,中国移动西咸数据中心,咸阳秦都西咸数据中心1号楼站点,咸阳秦都西咸数据中心1号楼J301电力电池机房,铅酸电池,14#开关电源蓄电池组,单体XX电压,第1组单体17电池电压,2025-07-08T03:25:47,2.118,V,1-J301电池室放电电池数据表.xlsx,DC14,2.118,第1组,DC14,7,846.0,True,2.118,2.926,0.8080000000000003,-7,0.9833333333333333,0.37987536379639786,0.010839642331954419,0.027099105829886044,0.3690357214644434,0.016259463497931625,0.044059321383171035,0.3220338983050847,0.0,0.017241379310344827,0.548055469739936,0.9214431424095851,invalid_or_bad_collection,疑似操作或采集异常,最低点贴近尾部，缺少谷底后的回升段,/mnt/nvme/projects/battery/output_开关电源_原始三分类/单体XX电压/疑似操作或采集异常/单体XX电压__1-J301电池室放电电池数据表.xlsx__DC14__咸阳秦都西咸数据中心1号楼J301电力电池机房__14#开关电源蓄电池组__第1组__第1组单体17电池电压.png
咸阳秦都西咸数据中心1号楼J301电力电池机房|14#开关电源蓄电池组|第1组|第1组单体19电池电压|1-J301电池室放电电池数据表.xlsx|DC14|DC14,陕西省,咸阳,中国移动西咸数据中心,咸阳秦都西咸数据中心1号楼站点,咸阳秦都西咸数据中心1号楼J301电力电池机房,铅酸电池,14#开关电源蓄电池组,单体XX电压,第1组单体19电池电压,2025-07-08T03:24:29,2.17,V,1-J301电池室放电电池数据表.xlsx,DC14,2.17,第1组,DC14,7,340.0,True,2.12,2.91,0.79,-7,0.9833333333333333,0.7345933080074092,0.004030564003933881,0.010076410009834542,0.7305627440034753,0.006045846005900661,0.008275601304952801,0.8813559322033898,0.0,0.017543859649122806,0.9133790570301039,0.9626504548974628,invalid_or_bad_collection,疑似操作或采集异常,最低点贴近尾部，缺少谷底后的回升段,/mnt/nvme/projects/battery/output_开关电源_原始三分类/单体XX电压/疑似操作或采集异常/单体XX电压__1-J301电池室放电电池数据表.xlsx__DC14__咸阳秦都西咸数据中心1号楼J301电力电池机房__14#开关电源蓄电池组__第1组__第1组单体19电池电压.png
咸阳秦都西咸数据中心1号楼J301电力电池机房|14#开关电源蓄电池组|第2组|第2组单体15电池电压|1-J301电池室放电电池数据表.xlsx|DC14|DC14,陕西省,咸阳,中国移动西咸数据中心,咸阳秦都西咸数据中心1号楼站点,咸阳秦都西咸数据中心1号楼J301电力电池机房,铅酸电池,14#开关电源蓄电池组,单体XX电压,第2组单体15电池电压,2025-07-08T03:45:07,2.243,V,1-J301电池室放电电池数据表.xlsx,DC14,2.243,第2组,DC14,7,262.0,True,2.194,2.754,0.56,-7,0.9833333333333333,0.6899104215939456,0.25280195880371353,0.45828136658444746,0.437108462790232,0.20547940778073392,0.47008791822284024,0.864406779661017,0.0,0.017543859649122806,0.26422238831738265,0.503432383032983,invalid_or_bad_collection,疑似操作或采集异常,最低点贴近尾部，缺少谷底后的回升段,/mnt/nvme/projects/battery/output_开关电源_原始三分类/单体XX电压/疑似操作或采集异常/单体XX电压__1-J301电池室放电电池数据表.xlsx__DC14__咸阳秦都西咸数据中心1号楼J301电力电池机房__14#开关电源蓄电池组__第2组__第2组单体15电池电压.png
咸阳秦都西咸数据中心2号楼J301电力电池机房|01#开关电源蓄电池组|第1组|第1组单体2电池电压|2-J301电池室放电电池数据表.xlsx|DC1|DC1,陕西省,咸阳,中国移动西咸数据中心,咸阳秦都西咸数据中心2号楼站点,咸阳秦都西咸数据中心2号楼J301电力电池机房,铅酸电池,01#开关电源蓄电池组,单体XX电压,第1组单体2电池电压,2025-07-11T03:15:27,2.276,V,2-J301电池室放电电池数据表.xlsx,DC1,2.276,第1组,DC1,30,1352.0,True,0.0,3.357,3.357,7,0.9333333333333333,0.6133370731525107,0.3582918980187398,0.4552185317663641,0.25504517513377095,0.09692663374762434,0.3800371181958227,0.19642857142857142,1.0,0.12,0.11696177906574978,0.39410250716421374,invalid_or_bad_collection,疑似操作或采集异常,整体动态范围过小，更像平线或轻微波动,/mnt/nvme/projects/battery/output_开关电源_原始三分类/单体XX电压/疑似操作或采集异常/单体XX电压__2-J301电池室放电电池数据表.xlsx__DC1__咸阳秦都西咸数据中心2号楼J301电力电池机房__01#开关电源蓄电池组__第1组__第1组单体2电池电压.png
咸阳秦都西咸数据中心2号楼J301电力电池机房|01#开关电源蓄电池组|第1组|第1组单体4电池电压|2-J301电池室放电电池数据表.xlsx|DC1|DC1,陕西省,咸阳,中国移动西咸数据中心,咸阳秦都西咸数据中心2号楼站点,咸阳秦都西咸数据中心2号楼J301电力电池机房,铅酸电池,01#开关电源蓄电池组,单体XX电压,第1组单体4电池电压,2025-07-11T03:12:47,3.262,V,2-J301电池室放电电池数据表.xlsx,DC1,3.262,第1组,DC1,30,1530.0,True,0.0,3.36,3.36,7,0.9833333333333333,0.5860913377245202,0.4223135549532782,0.5284773699714658,0.16377778277124194,0.10616381501818756,0.6482186568507533,0.3389830508474576,0.0,0.06666666666666667,0.09594964622004665,0.2855488785091058,invalid_or_bad_collection,疑似操作或采集异常,整体动态范围过小，更像平线或轻微波动,/mnt/nvme/projects/battery/output_开关电源_原始三分类/单体XX电压/疑似操作或采集异常/单体XX电压__2-J301电池室放电电池数据表.xlsx__DC1__咸阳秦都西咸数据中心2号楼J301电力电池机房__01#开关电源蓄电池组__第1组__第1组单体4电池电压.png
咸阳秦都西咸数据中心2号楼J301电力电池机房|01#开关电源蓄电池组|第1组|第1组单体6电池电压|2-J301电池室放电电池数据表.xlsx|DC1|DC1,陕西省,咸阳,中国移动西咸数据中心,咸阳秦都西咸数据中心2号楼站点,咸阳秦都西咸数据中心2号楼J301电力电池机房,铅酸电池,01#开关电源蓄电池组,单体XX电压,第1组单体6电池电压,2025-07-11T03:11:44,2.811,V,2-J301电池室放电电池数据表.xlsx,DC1,2.811,第1组,DC1,31,1300.0,True,0.0,3.416,3.416,7,0.08333333333333333,0.49202586156955685,0.45833649019117834,0.6952728950439054,0.03368937137837852,0.2369364048527271,7.032971769007794,0.8,0.25925925925925924,0.09090909090909091,0.23797927577490097,0.17877690040573346,invalid_or_bad_collection,疑似操作或采集异常,锯齿波动偏强且整体幅度不大，更像噪声或采样问题,/mnt/nvme/projects/battery/output_开关电源_原始三分类/单体XX电压/疑似操作或采集异常/单体XX电压__2-J301电池室放电电池数据表.xlsx__DC1__咸阳秦都西咸数据中心2号楼J301电力电池机房__01#开关电源蓄电池组__第1组__第1组单体6电池电压.png
咸阳秦都西咸数据中心1号楼D201电力电池机房|4#开关电源蓄电池组|第1组|第1组单体10电池电压|1-D201电池室放电电池数据表.xlsx|DC4|DC4,陕西省,咸阳,中国移动西咸数据中心,咸阳秦都西咸数据中心1号楼站点,咸阳秦都西咸数据中心1号楼D201电力电池机房,铅酸电池,4#开关电源蓄电池组,单体XX电压,第1组单体10电池电压,2025-07-08T01:05:01,2.181,V,1-D201电池室放电电池数据表.xlsx,DC4,2.181,第1组,DC4,23,1299.0,True,2.029,2.967,0.9380000000000002,7,0.06666666666666667,0.07626964718478821,0.005368140007991601,0.7024408963036479,0.07090150717679661,0.6970727562956563,9.831564577688095,1.0,0.4909090909090909,0.058823529411764705,0.5413037529280406,0.018791603638220966,uncertain,不确定,形状介于两类之间，建议人工复核,/mnt/nvme/projects/battery/output_开关电源_原始三分类/单体XX电压/不确定/单体XX电压__1-D201电池室放电电池数据表.xlsx__DC4__咸阳秦都西咸数据中心1号楼D201电力电池机房__4#开关电源蓄电池组__第1组__第1组单体10电池电压.png
咸阳秦都西咸数据中心1号楼D201电力电池机房|4#开关电源蓄电池组|第1组|第1组单体13电池电压|1-D201电池室放电电池数据表.xlsx|DC4|DC4,陕西省,咸阳,中国移动西咸数据中心,咸阳秦都西咸数据中心1号楼站点,咸阳秦都西咸数据中心1号楼D201电力电池机房,铅酸电池,4#开关电源蓄电池组,单体XX电压,第1组单体13电池电压,2025-07-08T01:00:49,2.048,V,1-D201电池室放电电池数据表.xlsx,DC4,2.048,第1组,DC4,28,1295.0,False,1.946,3.112,1.1660000000000001,7,0.08333333333333333,0.07486862880009465,0.00582029153469724,0.7117824669609909,0.06904833726539741,0.7059621754262937,10.22417328441453,0.8,0.6296296296296297,0.04878048780487805,0.5544631486523582,0.0154409029830187,uncertain,不确定,形状介于两类之间，建议人工复核,/mnt/nvme/projects/battery/output_开关电源_原始三分类/单体XX电压/不确定/单体XX电压__1-D201电池室放电电池数据表.xlsx__DC4__咸阳秦都西咸数据中心1号楼D201电力电池机房__4#开关电源蓄电池组__第1组__第1组单体13电池电压.png
咸阳秦都西咸数据中心1号楼D203电力电池机房|2#开关电源蓄电池组|第2组|第2组单体14电池电压|1-D203电池室放电电池数据表.xlsx|DC2|DC2,陕西省,咸阳,中国移动西咸数据中心,咸阳秦都西咸数据中心1号楼站点,咸阳秦都西咸数据中心1号楼D203电力电池机房,铅酸电池,2#开关电源蓄电池组,单体XX电压,第2组单体14电池电压,2025-07-11T00:44:19,2.919,V,1-D203电池室放电电池数据表.xlsx,DC2,2.919,第2组,DC2,25,2788.0,False,2.054,3.04,0.9860000000000002,7,0.5833333333333334,0.15829524512352325,0.012415409615456171,0.7086390024482051,0.14587983550806707,0.6962235928327489,4.772582760567107,0.22857142857142856,0.875,0.06451612903225806,0.45795756683376754,-0.10680305402126933,uncertain,不确定,形状介于两类之间，建议人工复核,/mnt/nvme/projects/battery/output_开关电源_原始三分类/单体XX电压/不确定/单体XX电压__1-D203电池室放电电池数据表.xlsx__DC2__咸阳秦都西咸数据中心1号楼D203电力电池机房__2#开关电源蓄电池组__第2组__第2组单体14电池电压.png
咸阳秦都西咸数据中心1号楼D203电力电池机房|5#开关电源蓄电池组|第1组|第1组单体12电池电压|1-D203电池室放电电池数据表.xlsx|DC5|DC5,陕西省,咸阳,中国移动西咸数据中心,咸阳秦都西咸数据中心1号楼站点,咸阳秦都西咸数据中心1号楼D203电力电池机房,铅酸电池,5#开关电源蓄电池组,单体XX电压,第1组单体12电池电压,2025-07-11T01:38:48,2.327,V,1-D203电池室放电电池数据表.xlsx,DC5,2.327,第1组,DC5,8,75.0,True,1.577,2.313,0.7360000000000002,-7,0.38333333333333336,0.06013258667234446,0.006748006466772303,0.9275508839780096,0.05338458020557216,0.9208028775112372,17.248479930289797,0.9130434782608695,0.9722222222222222,0.01818181818181818,0.782814240406644,-0.09698384450575537,uncertain,不确定,形状介于两类之间，建议人工复核,/mnt/nvme/projects/battery/output_开关电源_原始三分类/单体XX电压/不确定/单体XX电压__1-D203电池室放电电池数据表.xlsx__DC5__咸阳秦都西咸数据中心1号楼D203电力电池机房__5#开关电源蓄电池组__第1组__第1组单体12电池电压.png
咸阳秦都西咸数据中心1号楼D203电力电池机房|5#开关电源蓄电池组|第1组|第1组单体3电池电压|1-D203电池室放电电池数据表.xlsx|DC5|DC5,陕西省,咸阳,中国移动西咸数据中心,咸阳秦都西咸数据中心1号楼站点,咸阳秦都西咸数据中心1号楼D203电力电池机房,铅酸电池,5#开关电源蓄电池组,单体XX电压,第1组单体3电池电压,2025-07-11T01:39:49,1.96,V,1-D203电池室放电电池数据表.xlsx,DC5,1.96,第1组,DC5,10,146.0,True,1.762,2.374,0.6120000000000001,-7,0.16666666666666666,0.002661303230078124,0.0007353601030479518,0.9254473628246362,0.0019259431270301722,0.9247120027215883,480.13438694480965,0.0,0.5306122448979592,0.021739130434782608,0.9762184391031336,0.06476760354609734,uncertain,不确定,形状介于两类之间，建议人工复核,/mnt/nvme/projects/battery/output_开关电源_原始三分类/单体XX电压/不确定/单体XX电压__1-D203电池室放电电池数据表.xlsx__DC5__咸阳秦都西咸数据中心1号楼D203电力电池机房__5#开关电源蓄电池组__第1组__第1组单体3电池电压.png
咸阳秦都西咸数据中心1号楼D301电力电池机房|1#开关电源蓄电池组|第2组|第2组单体1电池电压|1-D301电池室放电电池数据表.xlsx|DC1|DC1,陕西省,咸阳,中国移动西咸数据中心,咸阳秦都西咸数据中心1号楼站点,咸阳秦都西咸数据中心1号楼D301电力电池机房,铅酸电池,1#开关电源蓄电池组,单体XX电压,第2组单体1电池电压,2025-07-08T01:44:51,2.507,V,1-D301电池室放电电池数据表.xlsx,DC1,2.507,第2组,DC1,24,944.0,True,2.075,2.721,0.6459999999999999,7,0.15,0.10850778162914443,0.027293318716381132,0.26511121974858726,0.0812144629127633,0.23781790103220612,2.928270280619703,1.0,0.78,0.06896551724137931,0.2728126469111696,0.3324345704534641,uncertain,不确定,形状介于两类之间，建议人工复核,/mnt/nvme/projects/battery/output_开关电源_原始三分类/单体XX电压/不确定/单体XX电压__1-D301电池室放电电池数据表.xlsx__DC1__咸阳秦都西咸数据中心1号楼D301电力电池机房__1#开关电源蓄电池组__第2组__第2组单体1电池电压.png
咸阳秦都西咸数据中心1号楼D303电力电池机房|6#开关电源蓄电池组|第2组|第2组单体19电池电压|1-D303电池室放电电池数据表.xlsx|DC6|DC6,陕西省,咸阳,中国移动西咸数据中心,咸阳秦都西咸数据中心1号楼站点,咸阳秦都西咸数据中心1号楼D303电力电池机房,铅酸电池,6#开关电源蓄电池组,单体XX电压,第2组单体19电池电压,2025-07-10T02:09:17,1.856,V,1-D303电池室放电电池数据表.xlsx,DC6,1.856,第2组,DC6,15,9152.0,False,1.726,2.359,0.633,-2,0.9,0.996859664472862,0.08757529373430657,0.399795444285888,0.9092843707385554,0.3122201505515814,0.3433690936033743,0.14814814814814814,1.0,0.08333333333333333,0.6011464036218686,0.6000034976468254,uncertain,不确定,形状介于两类之间，建议人工复核,/mnt/nvme/projects/battery/output_开关电源_原始三分类/单体XX电压/不确定/单体XX电压__1-D303电池室放电电池数据表.xlsx__DC6__咸阳秦都西咸数据中心1号楼D303电力电池机房__6#开关电源蓄电池组__第2组__第2组单体19电池电压.png
咸阳秦都西咸数据中心1号楼D303电力电池机房|6#开关电源蓄电池组|第2组|第2组单体21电池电压|1-D303电池室放电电池数据表.xlsx|DC6|DC6,陕西省,咸阳,中国移动西咸数据中心,咸阳秦都西咸数据中心1号楼站点,咸阳秦都西咸数据中心1号楼D303电力电池机房,铅酸电池,6#开关电源蓄电池组,单体XX电压,第2组单体21电池电压,2025-07-10T02:09:17,1.818,V,1-D303电池室放电电池数据表.xlsx,DC6,1.818,第2组,DC6,14,9152.0,False,1.742,2.45,0.7080000000000002,-7,0.9,0.9986487524741919,0.050097388657824996,0.34537425984219927,0.948551363816367,0.2952768711843743,0.3112924424936523,0.14814814814814814,1.0,0.08333333333333333,0.6548659069283487,0.654539227358892,uncertain,不确定,形状介于两类之间，建议人工复核,/mnt/nvme/projects/battery/output_开关电源_原始三分类/单体XX电压/不确定/单体XX电压__1-D303电池室放电电池数据表.xlsx__DC6__咸阳秦都西咸数据中心1号楼D303电力电池机房__6#开关电源蓄电池组__第2组__第2组单体21电池电压.png
咸阳秦都西咸数据中心1号楼J301电力电池机房|08#开关电源蓄电池组|第2组|第2组单体10电池电压|1-J301电池室放电电池数据表.xlsx|DC8|DC8,陕西省,咸阳,中国移动西咸数据中心,咸阳秦都西咸数据中心1号楼站点,咸阳秦都西咸数据中心1号楼J301电力电池机房,铅酸电池,08#开关电源蓄电池组,单体XX电压,第2组单体10电池电压,2025-07-09T02:00:37,2.557,V,1-J301电池室放电电池数据表.xlsx,DC8,2.557,第2组,DC8,30,9862.0,True,1.954,3.057,1.103,7,0.5666666666666667,0.21843663841853475,0.13411672362805083,0.2754644845077171,0.08431991479048392,0.14134776087966627,1.6763271115080778,0.08823529411764706,0.28,0.08,0.3002617713757696,0.5096937483949483,uncertain,不确定,形状介于两类之间，建议人工复核,/mnt/nvme/projects/battery/output_开关电源_原始三分类/单体XX电压/不确定/单体XX电压__1-J301电池室放电电池数据表.xlsx__DC8__咸阳秦都西咸数据中心1号楼J301电力电池机房__08#开关电源蓄电池组__第2组__第2组单体10电池电压.png
咸阳秦都西咸数据中心1号楼J301电力电池机房|08#开关电源蓄电池组|第2组|第2组单体1电池电压|1-J301电池室放电电池数据表.xlsx|DC8|DC8,陕西省,咸阳,中国移动西咸数据中心,咸阳秦都西咸数据中心1号楼站点,咸阳秦都西咸数据中心1号楼J301电力电池机房,铅酸电池,08#开关电源蓄电池组,单体XX电压,第2组单体1电池电压,2025-07-09T02:12:37,2.039,V,1-J301电池室放电电池数据表.xlsx,DC8,2.039,第2组,DC8,63,12896.0,True,1.294,2.274,0.98,-7,0.5,0.9745434678811409,0.14629729385353887,0.7654398622050143,0.828246174027602,0.6191425683514754,0.7475344734684009,0.26666666666666666,0.5172413793103449,0.20588235294117646,0.48582395109968046,0.23106610397475014,uncertain,不确定,形状介于两类之间，建议人工复核,/mnt/nvme/projects/battery/output_开关电源_原始三分类/单体XX电压/不确定/单体XX电压__1-J301电池室放电电池数据表.xlsx__DC8__咸阳秦都西咸数据中心1号楼J301电力电池机房__08#开关电源蓄电池组__第2组__第2组单体1电池电压.png
咸阳秦都西咸数据中心1号楼J301电力电池机房|09#开关电源蓄电池组|第1组|第1组单体16电池电压|1-J301电池室放电电池数据表.xlsx|DC9|DC9,陕西省,咸阳,中国移动西咸数据中心,咸阳秦都西咸数据中心1号楼站点,咸阳秦都西咸数据中心1号楼J301电力电池机房,铅酸电池,09#开关电源蓄电池组,单体XX电压,第1组单体16电池电压,2025-07-09T02:20:53,2.765,V,1-J301电池室放电电池数据表.xlsx,DC9,2.765,第1组,DC9,24,1474.0,True,2.036,2.923,0.887,-7,0.06666666666666667,0.09911425906030279,0.022992801601990142,0.3287641036028394,0.07612145745831264,0.3057713020008493,4.016887066979972,1.0,0.4,0.07017543859649122,0.8769140515909106,0.635091593703127,uncertain,不确定,形状介于两类之间，建议人工复核,/mnt/nvme/projects/battery/output_开关电源_原始三分类/单体XX电压/不确定/单体XX电压__1-J301电池室放电电池数据表.xlsx__DC9__咸阳秦都西咸数据中心1号楼J301电力电池机房__09#开关电源蓄电池组__第1组__第1组单体16电池电压.png
咸阳秦都西咸数据中心1号楼J301电力电池机房|09#开关电源蓄电池组|第1组|第1组单体18电池电压|1-J301电池室放电电池数据表.xlsx|DC9|DC9,陕西省,咸阳,中国移动西咸数据中心,咸阳秦都西咸数据中心1号楼站点,咸阳秦都西咸数据中心1号楼J301电力电池机房,铅酸电池,09#开关电源蓄电池组,单体XX电压,第1组单体18电池电压,2025-07-09T02:20:45,2.612,V,1-J301电池室放电电池数据表.xlsx,DC9,2.612,第1组,DC9,19,1482.0,False,2.076,2.72,0.6440000000000001,-7,0.08333333333333333,0.0979911436095358,0.029772241676603535,0.32046594367612025,0.06821890193293226,0.2906937019995167,4.261189926863895,1.0,0.35185185185185186,0.03508771929824561,0.8901309306158609,0.6711235857749572,uncertain,不确定,形状介于两类之间，建议人工复核,/mnt/nvme/projects/battery/output_开关电源_原始三分类/单体XX电压/不确定/单体XX电压__1-J301电池室放电电池数据表.xlsx__DC9__咸阳秦都西咸数据中心1号楼J301电力电池机房__09#开关电源蓄电池组__第1组__第1组单体18电池电压.png
咸阳秦都西咸数据中心1号楼J301电力电池机房|09#开关电源蓄电池组|第1组|第1组单体23电池电压|1-J301电池室放电电池数据表.xlsx|DC9|DC9,陕西省,咸阳,中国移动西咸数据中心,咸阳秦都西咸数据中心1号楼站点,咸阳秦都西咸数据中心1号楼J301电力电池机房,铅酸电池,09#开关电源蓄电池组,单体XX电压,第1组单体23电池电压,2025-07-09T03:06:14,2.54,V,1-J301电池室放电电池数据表.xlsx,DC9,2.54,第1组,DC9,81,5127.0,True,2.05,2.749,0.6990000000000003,7,0.05,0.1438932239668709,0.058570983389678206,0.6469002500869483,0.0853222405771927,0.58832926669727,6.895379866045795,1.0,0.5892857142857143,0.19148936170212766,0.4028076035389783,0.04687566375599883,uncertain,不确定,形状介于两类之间，建议人工复核,/mnt/nvme/projects/battery/output_开关电源_原始三分类/单体XX电压/不确定/单体XX电压__1-J301电池室放电电池数据表.xlsx__DC9__咸阳秦都西咸数据中心1号楼J301电力电池机房__09#开关电源蓄电池组__第1组__第1组单体23电池电压.png
咸阳秦都西咸数据中心1号楼J301电力电池机房|09#开关电源蓄电池组|第1组|第1组单体2电池电压|1-J301电池室放电电池数据表.xlsx|DC9|DC9,陕西省,咸阳,中国移动西咸数据中心,咸阳秦都西咸数据中心1号楼站点,咸阳秦都西咸数据中心1号楼J301电力电池机房,铅酸电池,09#开关电源蓄电池组,单体XX电压,第1组单体2电池电压,2025-07-09T02:17:24,2.313,V,1-J301电池室放电电池数据表.xlsx,DC9,2.313,第1组,DC9,26,4282.0,True,0.0,3.286,3.286,-7,0.15,0.8345435002260674,0.27232996449057634,0.8712180833050487,0.562213535735491,0.5988881188144723,1.0652324778445097,0.8888888888888888,0.2,0.13043478260869565,0.38991767771478403,0.06313161035230985,uncertain,不确定,形状介于两类之间，建议人工复核,/mnt/nvme/projects/battery/output_开关电源_原始三分类/单体XX电压/不确定/单体XX电压__1-J301电池室放电电池数据表.xlsx__DC9__咸阳秦都西咸数据中心1号楼J301电力电池机房__09#开关电源蓄电池组__第1组__第1组单体2电池电压.png
咸阳秦都西咸数据中心1号楼J301电力电池机房|09#开关电源蓄电池组|第1组|第1组单体4电池电压|1-J301电池室放电电池数据表.xlsx|DC9|DC9,陕西省,咸阳,中国移动西咸数据中心,咸阳秦都西咸数据中心1号楼站点,咸阳秦都西咸数据中心1号楼J301电力电池机房,铅酸电池,09#开关电源蓄电池组,单体XX电压,第1组单体4电池电压,2025-07-09T02:17:33,2.402,V,1-J301电池室放电电池数据表.xlsx,DC9,2.402,第1组,DC9,25,1971.0,True,0.0,3.395,3.395,7,0.25,0.6821930158728475,0.06013676448561986,0.727887411839814,0.6220562513872276,0.6677506473541941,1.073457014203471,0.7333333333333333,0.5454545454545454,0.08888888888888889,0.5509727179747321,0.06573891238283258,uncertain,不确定,形状介于两类之间，建议人工复核,/mnt/nvme/projects/battery/output_开关电源_原始三分类/单体XX电压/不确定/单体XX电压__1-J301电池室放电电池数据表.xlsx__DC9__咸阳秦都西咸数据中心1号楼J301电力电池机房__09#开关电源蓄电池组__第1组__第1组单体4电池电压.png
咸阳秦都西咸数据中心1号楼J301电力电池机房|09#开关电源蓄电池组|第1组|第1组单体7电池电压|1-J301电池室放电电池数据表.xlsx|DC9|DC9,陕西省,咸阳,中国移动西咸数据中心,咸阳秦都西咸数据中心1号楼站点,咸阳秦都西咸数据中心1号楼J301电力电池机房,铅酸电池,09#开关电源蓄电池组,单体XX电压,第1组单体7电池电压,2025-07-09T02:13:03,2.211,V,1-J301电池室放电电池数据表.xlsx,DC9,2.211,第1组,DC9,29,4290.0,True,0.0,3.395,3.395,-7,0.16666666666666666,0.7348203611789521,0.29999999999999993,0.7545240838286228,0.4348203611789522,0.45452408382862286,1.0453146249888856,0.7,0.16326530612244897,0.13636363636363635,0.2653557974562022,0.08661051811271192,uncertain,不确定,形状介于两类之间，建议人工复核,/mnt/nvme/projects/battery/output_开关电源_原始三分类/单体XX电压/不确定/单体XX电压__1-J301电池室放电电池数据表.xlsx__DC9__咸阳秦都西咸数据中心1号楼J301电力电池机房__09#开关电源蓄电池组__第1组__第1组单体7电池电压.png
咸阳秦都西咸数据中心1号楼J301电力电池机房|10#开关电源蓄电池组|第1组|第1组单体12电池电压|1-J301电池室放电电池数据表.xlsx|DC10|DC10,陕西省,咸阳,中国移动西咸数据中心,咸阳秦都西咸数据中心1号楼站点,咸阳秦都西咸数据中心1号楼J301电力电池机房,铅酸电池,10#开关电源蓄电池组,单体XX电压,第1组单体12电池电压,2025-07-09T02:18:54,2.189,V,1-J301电池室放电电池数据表.xlsx,DC10,2.189,第1组,DC10,27,1874.0,False,2.06,3.417,1.3569999999999998,7,0.55,0.07533077685299758,0.017423999309357053,0.436642241716009,0.05790677754364053,0.41921824240665195,7.239536595715038,0.3333333333333333,0.6538461538461539,0.09090909090909091,0.760938829858979,0.5617427846727512,uncertain,不确定,形状介于两类之间，建议人工复核,/mnt/nvme/projects/battery/output_开关电源_原始三分类/单体XX电压/不确定/单体XX电压__1-J301电池室放电电池数据表.xlsx__DC10__咸阳秦都西咸数据中心1号楼J301电力电池机房__10#开关电源蓄电池组__第1组__第1组单体12电池电压.png
咸阳秦都西咸数据中心1号楼J301电力电池机房|10#开关电源蓄电池组|第1组|第1组单体2电池电压|1-J301电池室放电电池数据表.xlsx|DC10|DC10,陕西省,咸阳,中国移动西咸数据中心,咸阳秦都西咸数据中心1号楼站点,咸阳秦都西咸数据中心1号楼J301电力电池机房,铅酸电池,10#开关电源蓄电池组,单体XX电压,第1组单体2电池电压,2025-07-09T02:44:46,0.0,V,1-J301电池室放电电池数据表.xlsx,DC10,0.0,第1组,DC10,21,855.0,True,0.0,3.245,3.245,6,0.7166666666666667,0.7042436629917639,0.05137945471618398,0.7956096896332738,0.6528642082755799,0.7442302349170898,1.139946445743886,0.27906976744186046,0.875,0.1111111111111111,0.5241094687816386,0.05193590335615239,uncertain,不确定,形状介于两类之间，建议人工复核,/mnt/nvme/projects/battery/output_开关电源_原始三分类/单体XX电压/不确定/单体XX电压__1-J301电池室放电电池数据表.xlsx__DC10__咸阳秦都西咸数据中心1号楼J301电力电池机房__10#开关电源蓄电池组__第1组__第1组单体2电池电压.png
咸阳秦都西咸数据中心1号楼J301电力电池机房|10#开关电源蓄电池组|第1组|第1组单体6电池电压|1-J301电池室放电电池数据表.xlsx|DC10|DC10,陕西省,咸阳,中国移动西咸数据中心,咸阳秦都西咸数据中心1号楼站点,咸阳秦都西咸数据中心1号楼J301电力电池机房,铅酸电池,10#开关电源蓄电池组,单体XX电压,第1组单体6电池电压,2025-07-09T02:43:36,3.32,V,1-J301电池室放电电池数据表.xlsx,DC10,3.32,第1组,DC10,24,1701.0,False,0.0,3.32,3.32,7,0.8666666666666667,0.7537417975848539,0.23216649765164815,0.7857652802059636,0.5215752999332057,0.5535987825543154,1.0613976190279968,0.2692307692307692,1.0,0.11538461538461539,0.26781688139662047,0.022005493706148904,uncertain,不确定,形状介于两类之间，建议人工复核,/mnt/nvme/projects/battery/output_开关电源_原始三分类/单体XX电压/不确定/单体XX电压__1-J301电池室放电电池数据表.xlsx__DC10__咸阳秦都西咸数据中心1号楼J301电力电池机房__10#开关电源蓄电池组__第1组__第1组单体6电池电压.png
咸阳秦都西咸数据中心1号楼J301电力电池机房|10#开关电源蓄电池组|第1组|第1组单体8电池电压|1-J301电池室放电电池数据表.xlsx|DC10|DC10,陕西省,咸阳,中国移动西咸数据中心,咸阳秦都西咸数据中心1号楼站点,咸阳秦都西咸数据中心1号楼J301电力电池机房,铅酸电池,10#开关电源蓄电池组,单体XX电压,第1组单体8电池电压,2025-07-09T02:42:35,2.281,V,1-J301电池室放电电池数据表.xlsx,DC10,2.281,第1组,DC10,24,1831.0,False,1.948,3.418,1.4700000000000002,7,0.6,0.13294152821674135,0.008635347757674118,0.4165957753385252,0.12430618045906723,0.4079604275808511,3.281899763892179,0.2777777777777778,0.5652173913043478,0.06451612903225806,0.6970928119384862,0.4955049860752263,uncertain,不确定,形状介于两类之间，建议人工复核,/mnt/nvme/projects/battery/output_开关电源_原始三分类/单体XX电压/不确定/单体XX电压__1-J301电池室放电电池数据表.xlsx__DC10__咸阳秦都西咸数据中心1号楼J301电力电池机房__10#开关电源蓄电池组__第1组__第1组单体8电池电压.png
咸阳秦都西咸数据中心1号楼J301电力电池机房|10#开关电源蓄电池组|第2组|第2组单体12电池电压|1-J301电池室放电电池数据表.xlsx|DC10|DC10,陕西省,咸阳,中国移动西咸数据中心,咸阳秦都西咸数据中心1号楼站点,咸阳秦都西咸数据中心1号楼J301电力电池机房,铅酸电池,10#开关电源蓄电池组,单体XX电压,第2组单体12电池电压,2025-07-09T02:49:07,2.181,V,1-J301电池室放电电池数据表.xlsx,DC10,2.181,第2组,DC10,37,1448.0,True,2.176,3.28,1.1039999999999996,7,0.6333333333333333,0.10169466535562734,0.03394746486393675,0.23979018394946708,0.06774720049169058,0.2058427190855303,3.0383944215138925,0.23684210526315788,0.7142857142857143,0.10810810810810811,0.397496227720437,0.5813500142611568,uncertain,不确定,形状介于两类之间，建议人工复核,/mnt/nvme/projects/battery/output_开关电源_原始三分类/单体XX电压/不确定/单体XX电压__1-J301电池室放电电池数据表.xlsx__DC10__咸阳秦都西咸数据中心1号楼J301电力电池机房__10#开关电源蓄电池组__第2组__第2组单体12电池电压.png
咸阳秦都西咸数据中心1号楼J301电力电池机房|10#开关电源蓄电池组|第2组|第2组单体2电池电压|1-J301电池室放电电池数据表.xlsx|DC10|DC10,陕西省,咸阳,中国移动西咸数据中心,咸阳秦都西咸数据中心1号楼站点,咸阳秦都西咸数据中心1号楼J301电力电池机房,铅酸电池,10#开关电源蓄电池组,单体XX电压,第2组单体2电池电压,2025-07-09T03:15:43,2.072,V,1-J301电池室放电电池数据表.xlsx,DC10,2.072,第2组,DC10,36,4055.0,False,1.168,2.231,1.063,-7,0.13333333333333333,0.6853124859092807,0.0222510309918724,0.7890138958211479,0.6630614549174083,0.7667628648292755,1.1563978843686313,1.0,0.49019607843137253,0.13157894736842105,0.6794076893185308,0.1689797371280879,uncertain,不确定,形状介于两类之间，建议人工复核,/mnt/nvme/projects/battery/output_开关电源_原始三分类/单体XX电压/不确定/单体XX电压__1-J301电池室放电电池数据表.xlsx__DC10__咸阳秦都西咸数据中心1号楼J301电力电池机房__10#开关电源蓄电池组__第2组__第2组单体2电池电压.png
咸阳秦都西咸数据中心1号楼J301电力电池机房|11#开关电源蓄电池组|第1组|第1组单体14电池电压|1-J301电池室放电电池数据表.xlsx|DC11|DC11,陕西省,咸阳,中国移动西咸数据中心,咸阳秦都西咸数据中心1号楼站点,咸阳秦都西咸数据中心1号楼J301电力电池机房,铅酸电池,11#开关电源蓄电池组,单体XX电压,第1组单体14电池电压,2025-07-08T02:37:52,2.516,V,1-J301电池室放电电池数据表.xlsx,DC11,2.516,第1组,DC11,18,1291.0,True,2.086,3.093,1.0070000000000001,7,0.06666666666666667,0.0575671354663556,0.003558898879003081,0.7137621724214995,0.054008236587352515,0.7102032735424965,13.149906482206887,1.0,0.2,0.1111111111111111,0.6135436540808029,0.08990797589216992,uncertain,不确定,形状介于两类之间，建议人工复核,/mnt/nvme/projects/battery/output_开关电源_原始三分类/单体XX电压/不确定/单体XX电压__1-J301电池室放电电池数据表.xlsx__DC11__咸阳秦都西咸数据中心1号楼J301电力电池机房__11#开关电源蓄电池组__第1组__第1组单体14电池电压.png
咸阳秦都西咸数据中心1号楼J301电力电池机房|12#开关电源蓄电池组|第2组|第2组单体11电池电压|1-J301电池室放电电池数据表.xlsx|DC12|DC12,陕西省,咸阳,中国移动西咸数据中心,咸阳秦都西咸数据中心1号楼站点,咸阳秦都西咸数据中心1号楼J301电力电池机房,铅酸电池,12#开关电源蓄电池组,单体XX电压,第2组单体11电池电压,2025-07-08T02:40:39,2.024,V,1-J301电池室放电电池数据表.xlsx,DC12,2.024,第2组,DC12,19,4055.0,False,2.013,2.782,0.7690000000000001,7,0.05,0.09238428734143048,0.03421651929990878,0.7368566479484367,0.0581677680415217,0.702640128648528,12.079544053803486,1.0,0.625,0.0784313725490196,0.7138161518994999,0.2549733531206041,uncertain,不确定,形状介于两类之间，建议人工复核,/mnt/nvme/projects/battery/output_开关电源_原始三分类/单体XX电压/不确定/单体XX电压__1-J301电池室放电电池数据表.xlsx__DC12__咸阳秦都西咸数据中心1号楼J301电力电池机房__12#开关电源蓄电池组__第2组__第2组单体11电池电压.png
咸阳秦都西咸数据中心1号楼J301电力电池机房|12#开关电源蓄电池组|第2组|第2组单体13电池电压|1-J301电池室放电电池数据表.xlsx|DC12|DC12,陕西省,咸阳,中国移动西咸数据中心,咸阳秦都西咸数据中心1号楼站点,咸阳秦都西咸数据中心1号楼J301电力电池机房,铅酸电池,12#开关电源蓄电池组,单体XX电压,第2组单体13电池电压,2025-07-08T02:40:39,2.007,V,1-J301电池室放电电池数据表.xlsx,DC12,2.007,第2组,DC12,18,1238.0,True,2.007,2.67,0.6629999999999998,7,0.06666666666666667,0.07270459895065128,0.0181500619560888,0.7774708251790291,0.054554536994562475,0.7593207632229403,13.9185628022113,1.0,0.9090909090909091,0.034482758620689655,0.8931772630879686,0.20033341215484313,uncertain,不确定,形状介于两类之间，建议人工复核,/mnt/nvme/projects/battery/output_开关电源_原始三分类/单体XX电压/不确定/单体XX电压__1-J301电池室放电电池数据表.xlsx__DC12__咸阳秦都西咸数据中心1号楼J301电力电池机房__12#开关电源蓄电池组__第2组__第2组单体13电池电压.png
咸阳秦都西咸数据中心2号楼J301电力电池机房|01#开关电源蓄电池组|第1组|第1组单体12电池电压|2-J301电池室放电电池数据表.xlsx|DC1|DC1,陕西省,咸阳,中国移动西咸数据中心,咸阳秦都西咸数据中心2号楼站点,咸阳秦都西咸数据中心2号楼J301电力电池机房,铅酸电池,01#开关电源蓄电池组,单体XX电压,第1组单体12电池电压,2025-07-11T03:11:40,2.535,V,2-J301电池室放电电池数据表.xlsx,DC1,2.535,第1组,DC1,21,1539.0,True,2.05,3.022,0.972,0,0.06666666666666667,0.10232113918420825,0.002438556634113201,0.24685121842825922,0.09988258255009505,0.244412661794146,2.4469997982337275,1.0,0.6363636363636364,0.06666666666666667,0.5207432421088182,0.5426938587167321,uncertain,不确定,形状介于两类之间，建议人工复核,/mnt/nvme/projects/battery/output_开关电源_原始三分类/单体XX电压/不确定/单体XX电压__2-J301电池室放电电池数据表.xlsx__DC1__咸阳秦都西咸数据中心2号楼J301电力电池机房__01#开关电源蓄电池组__第1组__第1组单体12电池电压.png
咸阳秦都西咸数据中心2号楼J301电力电池机房|01#开关电源蓄电池组|第1组|第1组单体8电池电压|2-J301电池室放电电池数据表.xlsx|DC1|DC1,陕西省,咸阳,中国移动西咸数据中心,咸阳秦都西咸数据中心2号楼站点,咸阳秦都西咸数据中心2号楼J301电力电池机房,铅酸电池,01#开关电源蓄电池组,单体XX电压,第1组单体8电池电压,2025-07-11T03:10:42,2.361,V,2-J301电池室放电电池数据表.xlsx,DC1,2.361,第1组,DC1,27,1290.0,True,2.028,3.307,1.279,7,0.06666666666666667,0.08845819346939147,0.003284925539938959,0.6904935086650632,0.08517326792945251,0.6872085831251242,8.068359847669187,1.0,0.2909090909090909,0.08695652173913043,0.5517766001385538,0.04718007739027785,uncertain,不确定,形状介于两类之间，建议人工复核,/mnt/nvme/projects/battery/output_开关电源_原始三分类/单体XX电压/不确定/单体XX电压__2-J301电池室放电电池数据表.xlsx__DC1__咸阳秦都西咸数据中心2号楼J301电力电池机房__01#开关电源蓄电池组__第1组__第1组单体8电池电压.png
