series_id,省,市,站点,楼栋,机房,设备类型,设备,测点类型,监控量,上报时间,上报值,单位,__file,__sheet,监控值,组别,测点编码,n_points,duration_s,window_found,v_min,v_max,v_range,label,anomaly_original,is_far,is_knn_high,knn_score,cluster_dist,best_shift,v_mean,d2_std,zigzag,shift_abs,dbscan_eps,dbscan_noise_ratio,dbscan_clusters,hard_anomaly,similarity_group,similarity_keep,anomaly
咸阳秦都西咸数据中心1号楼J301电力电池机房|10#开关电源蓄电池组|第1组|第1组电池组总电压|1-J301电池室放电电池数据表.xlsx|DC10|DC10,陕西省,咸阳,中国移动西咸数据中心,咸阳秦都西咸数据中心1号楼站点,咸阳秦都西咸数据中心1号楼J301电力电池机房,铅酸电池,10#开关电源蓄电池组,电池组总电压,第1组电池组总电压,2025-07-09T02:47:23,28.6,V,1-J301电池室放电电池数据表.xlsx,DC10,28.6,第1组,DC10,10,566.0,True,28.0,49.2,-0.9706756081013006,-1,True,False,True,3.438687511543404,3.438687511543404,7,-6.261092037486635,-1.7093362145752433,1.1476963714442203,0.27500573227804387,2.2927243572633738,0.04054054054054054,1,False,,False,True
咸阳秦都西咸数据中心1号楼J301电力电池机房|09#开关电源蓄电池组|第1组|第1组电池组总电压|1-J301电池室放电电池数据表.xlsx|DC9|DC9,陕西省,咸阳,中国移动西咸数据中心,咸阳秦都西咸数据中心1号楼站点,咸阳秦都西咸数据中心1号楼J301电力电池机房,铅酸电池,09#开关电源蓄电池组,电池组总电压,第1组电池组总电压,2025-07-09T02:13:37,48.4,V,1-J301电池室放电电池数据表.xlsx,DC9,48.4,第1组,DC9,16,488.0,True,34.5,52.4,-1.1986665528179328,-1,True,False,False,2.6524990110306366,2.6524990110306366,7,-5.551536408127434,-0.49464591827774074,-0.09283053663909846,-0.3069543386545669,2.2927243572633738,0.04054054054054054,1,False,,False,True
咸阳秦都西咸数据中心1号楼D203电力电池机房|2#开关电源蓄电池组|第2组|第2组电池组总电压|1-D203电池室放电电池数据表.xlsx|DC2|DC2,陕西省,咸阳,中国移动西咸数据中心,咸阳秦都西咸数据中心1号楼站点,咸阳秦都西咸数据中心1号楼D203电力电池机房,铅酸电池,2#开关电源蓄电池组,电池组总电压,第2组电池组总电压,2025-07-11T00:29:49,47.4,V,1-D203电池室放电电池数据表.xlsx,DC2,47.4,第2组,DC2,17,2620.0,True,38.7,54.1,-0.6212665163011724,-1,True,False,False,2.192823125743371,2.192823125743371,7,-3.229845375177192,-0.31960801712305054,1.1727951421828735,0.043050525524136046,2.2927243572633738,0.04054054054054054,1,False,,False,True
咸阳秦都西咸数据中心2号楼J301电力电池机房|01#开关电源蓄电池组|第1组|第1组电池组总电压|2-J301电池室放电电池数据表.xlsx|DC1|DC1,陕西省,咸阳,中国移动西咸数据中心,咸阳秦都西咸数据中心2号楼站点,咸阳秦都西咸数据中心2号楼J301电力电池机房,铅酸电池,01#开关电源蓄电池组,电池组总电压,第1组电池组总电压,2025-07-11T03:13:24,40.1,V,2-J301电池室放电电池数据表.xlsx,DC1,40.1,第1组,DC1,15,1803.0,False,36.1,53.9,-0.8072911758740271,0,False,True,False,1.979132513700469,4.112041080261276,7,-3.785269288285792,-0.015849127321225565,0.07596745002541788,-0.4483806493353439,2.2927243572633738,0.04054054054054054,1,False,,False,False
咸阳秦都西咸数据中心1号楼D203电力电池机房|5#开关电源蓄电池组|第2组|第2组电池组总电压|1-D203电池室放电电池数据表.xlsx|DC5|DC5,陕西省,咸阳,中国移动西咸数据中心,咸阳秦都西咸数据中心1号楼站点,咸阳秦都西咸数据中心1号楼D203电力电池机房,铅酸电池,5#开关电源蓄电池组,电池组总电压,第2组电池组总电压,2025-07-11T00:14:21,54.0,V,1-D203电池室放电电池数据表.xlsx,DC5,54.0,第2组,DC5,17,9816.0,False,43.6,54.0,1.0291906235443113,0,False,False,False,1.9325102976878867,3.0130464117673927,-4,2.748370173496843,-1.0523000016817279,-0.7250009209579653,0.013978617154780049,2.2927243572633738,0.04054054054054054,1,False,,False,False
咸阳秦都西咸数据中心1号楼J301电力电池机房|11#开关电源蓄电池组|第1组|第1组电池组总电压|1-J301电池室放电电池数据表.xlsx|DC11|DC11,陕西省,咸阳,中国移动西咸数据中心,咸阳秦都西咸数据中心1号楼站点,咸阳秦都西咸数据中心1号楼J301电力电池机房,铅酸电池,11#开关电源蓄电池组,电池组总电压,第1组电池组总电压,2025-07-08T02:19:59,50.2,V,1-J301电池室放电电池数据表.xlsx,DC11,50.2,第1组,DC11,12,1212.0,True,45.8,50.2,1.522263819486958,0,False,False,False,1.8432296847255003,3.278550549960381,7,-1.4163324558719905,-0.9477004532823287,-2.2484227042239517,0.1287942721837788,2.2927243572633738,0.04054054054054054,1,False,,False,False
咸阳秦都西咸数据中心1号楼J301电力电池机房|08#开关电源蓄电池组|第2组|第2组电池组总电压|1-J301电池室放电电池数据表.xlsx|DC8|DC8,陕西省,咸阳,中国移动西咸数据中心,咸阳秦都西咸数据中心1号楼站点,咸阳秦都西咸数据中心1号楼J301电力电池机房,铅酸电池,08#开关电源蓄电池组,电池组总电压,第2组电池组总电压,2025-07-09T03:26:30,53.6,V,1-J301电池室放电电池数据表.xlsx,DC8,53.6,第2组,DC8,10,911.0,True,41.3,53.7,-0.34785480660615464,0,False,False,False,1.7312836253171504,3.4605803765784118,7,-3.191119819993019,-0.075570087173576,-0.37279493713083756,0.34116393411501567,2.2927243572633738,0.04054054054054054,1,False,,False,False
咸阳秦都西咸数据中心1号楼D203电力电池机房|5#开关电源蓄电池组|第1组|第1组电池组总电压|1-D203电池室放电电池数据表.xlsx|DC5|DC5,陕西省,咸阳,中国移动西咸数据中心,咸阳秦都西咸数据中心1号楼站点,咸阳秦都西咸数据中心1号楼D203电力电池机房,铅酸电池,5#开关电源蓄电池组,电池组总电压,第1组电池组总电压,2025-07-11T00:00:53,53.9,V,1-D203电池室放电电池数据表.xlsx,DC5,53.9,第1组,DC5,17,9816.0,False,43.7,54.0,-0.21285530398260355,0,False,False,False,1.717030295043323,2.821772535020969,-2,2.608350116594169,-1.249578624298862,-0.7413971173750885,-0.0031869708999459068,2.2927243572633738,0.04054054054054054,1,False,,False,False
咸阳秦都西咸数据中心1号楼J301电力电池机房|11#开关电源蓄电池组|第2组|第2组电池组总电压|1-J301电池室放电电池数据表.xlsx|DC11|DC11,陕西省,咸阳,中国移动西咸数据中心,咸阳秦都西咸数据中心1号楼站点,咸阳秦都西咸数据中心1号楼J301电力电池机房,铅酸电池,11#开关电源蓄电池组,电池组总电压,第2组电池组总电压,2025-07-08T02:21:00,48.4,V,1-J301电池室放电电池数据表.xlsx,DC11,48.4,第2组,DC11,10,863.0,True,40.7,50.2,0.8106584616538495,0,False,False,False,1.7146115972032736,3.533152701721504,7,-2.802102620822206,-1.229893980980747,-1.1083511566851865,0.2071270239881503,2.2927243572633738,0.04054054054054054,1,False,,False,False
咸阳秦都西咸数据中心1号楼J301电力电池机房|04#开关电源蓄电池组|第2组|第2组电池组总电压|1-J301电池室放电电池数据表.xlsx|DC4|DC4,陕西省,咸阳,中国移动西咸数据中心,咸阳秦都西咸数据中心1号楼站点,咸阳秦都西咸数据中心1号楼J301电力电池机房,铅酸电池,04#开关电源蓄电池组,电池组总电压,第2组电池组总电压,2025-07-09T01:12:33,53.8,V,1-J301电池室放电电池数据表.xlsx,DC4,53.8,第2组,DC4,11,10487.0,True,44.7,54.0,-1.354371589376088,0,False,False,False,1.5420454157689112,2.9011807324030707,-1,1.0349952456481781,-2.180105576507428,0.9085879358681138,0.06574341347196512,2.2927243572633738,0.04054054054054054,1,False,,False,False
咸阳秦都西咸数据中心1号楼J301电力电池机房|04#开关电源蓄电池组|第1组|第1组电池组总电压|1-J301电池室放电电池数据表.xlsx|DC4|DC4,陕西省,咸阳,中国移动西咸数据中心,咸阳秦都西咸数据中心1号楼站点,咸阳秦都西咸数据中心1号楼J301电力电池机房,铅酸电池,04#开关电源蓄电池组,电池组总电压,第1组电池组总电压,2025-07-09T01:42:36,53.9,V,1-J301电池室放电电池数据表.xlsx,DC4,53.9,第1组,DC4,11,10487.0,True,44.8,54.1,-1.3753284103489722,0,False,False,False,1.5276745129931524,2.8933626931570546,-1,1.0572753882459904,-2.143076572323895,0.9216298426863051,0.03208946919556081,2.2927243572633738,0.04054054054054054,1,False,,False,False
咸阳秦都西咸数据中心1号楼J301电力电池机房|05#开关电源蓄电池组|第2组|第2组电池组总电压|1-J301电池室放电电池数据表.xlsx|DC5|DC5,陕西省,咸阳,中国移动西咸数据中心,咸阳秦都西咸数据中心1号楼站点,咸阳秦都西咸数据中心1号楼J301电力电池机房,铅酸电池,05#开关电源蓄电池组,电池组总电压,第2组电池组总电压,2025-07-09T01:11:27,44.2,V,1-J301电池室放电电池数据表.xlsx,DC5,44.2,第2组,DC5,10,2675.0,True,44.0,53.4,0.4736793475616199,0,False,False,False,1.4507896510546985,3.0019953802174872,7,-2.507751369863419,-0.6228984597976321,-1.0088501914614554,-0.19502635366723262,2.2927243572633738,0.04054054054054054,1,False,,False,False
咸阳秦都西咸数据中心2号楼J301电力电池机房|01#开关电源蓄电池组|第2组|第2组电池组总电压|2-J301电池室放电电池数据表.xlsx|DC1|DC1,陕西省,咸阳,中国移动西咸数据中心,咸阳秦都西咸数据中心2号楼站点,咸阳秦都西咸数据中心2号楼J301电力电池机房,铅酸电池,01#开关电源蓄电池组,电池组总电压,第2组电池组总电压,2025-07-11T03:14:25,49.4,V,2-J301电池室放电电池数据表.xlsx,DC1,49.4,第2组,DC1,10,1803.0,False,47.4,53.9,0.9688584550111152,0,False,False,False,1.3079089174554432,2.5846461274871775,7,-1.6055488763585068,-0.5696805771813254,-1.4957609633302553,-0.051220825333993844,2.2927243572633738,0.04054054054054054,1,False,,False,False
咸阳秦都西咸数据中心1号楼J301电力电池机房|01#开关电源蓄电池组|第2组|第2组电池组总电压|1-J301电池室放电电池数据表.xlsx|DC1|DC1,陕西省,咸阳,中国移动西咸数据中心,咸阳秦都西咸数据中心1号楼站点,咸阳秦都西咸数据中心1号楼J301电力电池机房,铅酸电池,01#开关电源蓄电池组,电池组总电压,第2组电池组总电压,2025-07-09T00:27:25,52.4,V,1-J301电池室放电电池数据表.xlsx,DC1,52.4,第2组,DC1,26,13202.0,False,44.4,53.9,0.8297992272064723,0,False,False,False,1.1728543445487074,1.8730426619939402,-7,-0.43250430666209805,-0.7150756294375843,1.3487375720522476,-0.0074065591600403075,2.2927243572633738,0.04054054054054054,1,False,,False,False
咸阳秦都西咸数据中心1号楼J301电力电池机房|03#开关电源蓄电池组|第1组|第1组电池组总电压|1-J301电池室放电电池数据表.xlsx|DC3|DC3,陕西省,咸阳,中国移动西咸数据中心,咸阳秦都西咸数据中心1号楼站点,咸阳秦都西咸数据中心1号楼J301电力电池机房,铅酸电池,03#开关电源蓄电池组,电池组总电压,第1组电池组总电压,2025-07-09T00:31:17,53.6,V,1-J301电池室放电电池数据表.xlsx,DC3,53.6,第1组,DC3,25,12882.0,False,45.3,53.9,-2.09532945223713,0,False,False,False,1.0962608141695167,2.299536649531665,-3,0.4991380870328858,0.7905721450944755,0.08095041295037433,0.2567417872910841,2.2927243572633738,0.04054054054054054,1,False,,False,False
咸阳秦都西咸数据中心1号楼J301电力电池机房|02#开关电源蓄电池组|第2组|第2组电池组总电压|1-J301电池室放电电池数据表.xlsx|DC2|DC2,陕西省,咸阳,中国移动西咸数据中心,咸阳秦都西咸数据中心1号楼站点,咸阳秦都西咸数据中心1号楼J301电力电池机房,铅酸电池,02#开关电源蓄电池组,电池组总电压,第2组电池组总电压,2025-07-09T01:45:24,54.0,V,1-J301电池室放电电池数据表.xlsx,DC2,54.0,第2组,DC2,20,12655.0,False,44.9,54.0,0.10582748735312486,0,False,False,False,1.0755221959912362,1.7764050192556247,-4,1.1084814002036436,-1.3073369068747316,0.7061195986024404,0.006408759853973392,2.2927243572633738,0.04054054054054054,1,False,,False,False
咸阳秦都西咸数据中心1号楼J301电力电池机房|02#开关电源蓄电池组|第1组|第1组电池组总电压|1-J301电池室放电电池数据表.xlsx|DC2|DC2,陕西省,咸阳,中国移动西咸数据中心,咸阳秦都西咸数据中心1号楼站点,咸阳秦都西咸数据中心1号楼J301电力电池机房,铅酸电池,02#开关电源蓄电池组,电池组总电压,第1组电池组总电压,2025-07-09T02:45:26,54.1,V,1-J301电池室放电电池数据表.xlsx,DC2,54.1,第1组,DC2,19,12655.0,False,44.7,54.1,0.09358777613864411,0,False,False,False,1.0752203446621773,1.7961536575327333,-4,1.1130851969451014,-1.3049444310891989,0.7522805996413645,-0.00042466993832648847,2.2927243572633738,0.04054054054054054,1,False,,False,False
咸阳秦都西咸数据中心1号楼D203电力电池机房|6#开关电源蓄电池组|第2组|第2组电池组总电压|1-D203电池室放电电池数据表.xlsx|DC6|DC6,陕西省,咸阳,中国移动西咸数据中心,咸阳秦都西咸数据中心1号楼站点,咸阳秦都西咸数据中心1号楼D203电力电池机房,铅酸电池,6#开关电源蓄电池组,电池组总电压,第2组电池组总电压,2025-07-11T00:44:25,54.0,V,1-D203电池室放电电池数据表.xlsx,DC6,54.0,第2组,DC6,26,9819.0,False,41.2,54.0,-1.9730582343093905,0,False,False,False,0.9850365159310467,2.3217254714549735,-4,-0.051761161724450194,1.101333635727396,0.33562407200044186,-0.02679391856020348,2.2927243572633738,0.04054054054054054,1,False,,False,False
咸阳秦都西咸数据中心1号楼J301电力电池机房|01#开关电源蓄电池组|第1组|第1组电池组总电压|1-J301电池室放电电池数据表.xlsx|DC1|DC1,陕西省,咸阳,中国移动西咸数据中心,咸阳秦都西咸数据中心1号楼站点,咸阳秦都西咸数据中心1号楼J301电力电池机房,铅酸电池,01#开关电源蓄电池组,电池组总电压,第1组电池组总电压,2025-07-09T03:45:46,53.9,V,1-J301电池室放电电池数据表.xlsx,DC1,53.9,第1组,DC1,24,13202.0,False,45.3,53.9,0.9854507015477556,0,False,False,False,0.9194107263440101,1.6933609316305076,-7,-0.15198788687529935,-0.6743390970831189,1.1243310912576967,0.01709820579742799,2.2927243572633738,0.04054054054054054,1,False,,False,False
咸阳秦都西咸数据中心1号楼D201电力电池机房|2#开关电源蓄电池组|第2组|第2组电池组总电压|1-D201电池室放电电池数据表.xlsx|DC2|DC2,陕西省,咸阳,中国移动西咸数据中心,咸阳秦都西咸数据中心1号楼站点,咸阳秦都西咸数据中心1号楼D201电力电池机房,铅酸电池,2#开关电源蓄电池组,电池组总电压,第2组电池组总电压,2025-07-08T00:15:26,53.6,V,1-D201电池室放电电池数据表.xlsx,DC2,53.6,第2组,DC2,15,3605.0,False,48.3,53.6,-0.18503652226987044,0,False,False,False,0.9084719055817491,0.9415778188904195,5,0.30322586380141525,0.1898227003034615,-0.9128060425684353,0.16468129169896928,2.2927243572633738,0.04054054054054054,1,False,,False,False
咸阳秦都西咸数据中心1号楼D203电力电池机房|4#开关电源蓄电池组|第1组|第1组电池组总电压|1-D203电池室放电电池数据表.xlsx|DC4|DC4,陕西省,咸阳,中国移动西咸数据中心,咸阳秦都西咸数据中心1号楼站点,咸阳秦都西咸数据中心1号楼D203电力电池机房,铅酸电池,4#开关电源蓄电池组,电池组总电压,第1组电池组总电压,2025-07-11T01:16:00,53.7,V,1-D203电池室放电电池数据表.xlsx,DC4,53.7,第1组,DC4,20,10204.0,False,48.7,54.2,-1.0643292699401532,0,False,False,False,0.8955348101849383,1.6551614715748848,3,1.4135191851558782,0.0017580810003844372,-0.2519774724385492,0.16650155480784157,2.2927243572633738,0.04054054054054054,1,False,,False,False
咸阳秦都西咸数据中心1号楼J301电力电池机房|13#开关电源蓄电池组|第2组|第2组电池组总电压|1-J301电池室放电电池数据表.xlsx|DC13|DC13,陕西省,咸阳,中国移动西咸数据中心,咸阳秦都西咸数据中心1号楼站点,咸阳秦都西咸数据中心1号楼J301电力电池机房,铅酸电池,13#开关电源蓄电池组,电池组总电压,第2组电池组总电压,2025-07-08T03:22:38,53.5,V,1-J301电池室放电电池数据表.xlsx,DC13,53.5,第2组,DC13,12,5415.0,False,47.4,53.6,-0.2209297405303553,0,False,False,False,0.8700258485953051,0.7522587338503702,-5,0.13899654885699603,-0.026511542493526052,-0.5918079961474464,-0.4183980221723742,2.2927243572633738,0.04054054054054054,1,False,,False,False
咸阳秦都西咸数据中心1号楼J301电力电池机房|13#开关电源蓄电池组|第1组|第1组电池组总电压|1-J301电池室放电电池数据表.xlsx|DC13|DC13,陕西省,咸阳,中国移动西咸数据中心,咸阳秦都西咸数据中心1号楼站点,咸阳秦都西咸数据中心1号楼J301电力电池机房,铅酸电池,13#开关电源蓄电池组,电池组总电压,第1组电池组总电压,2025-07-08T03:21:02,50.1,V,1-J301电池室放电电池数据表.xlsx,DC13,50.1,第1组,DC13,12,5415.0,False,47.7,53.9,-0.2291583701621398,0,False,False,False,0.8532776045149173,0.6559258274199223,-5,0.26480985019304065,0.016386088738409132,-0.4635396424643279,-0.4103155333178875,2.2927243572633738,0.04054054054054054,1,False,,False,False
咸阳秦都西咸数据中心1号楼D203电力电池机房|3#开关电源蓄电池组|第1组|第1组电池组总电压|1-D203电池室放电电池数据表.xlsx|DC3|DC3,陕西省,咸阳,中国移动西咸数据中心,咸阳秦都西咸数据中心1号楼站点,咸阳秦都西咸数据中心1号楼D203电力电池机房,铅酸电池,3#开关电源蓄电池组,电池组总电压,第1组电池组总电压,2025-07-11T00:00:52,54.2,V,1-D203电池室放电电池数据表.xlsx,DC3,54.2,第1组,DC3,21,10193.0,False,48.1,54.2,-2.427439790948772,0,False,False,False,0.8090096188607172,2.9983259067832186,0,1.6895272062989872,-0.6068845203754248,-0.5181958353144089,0.2680611348917584,2.2927243572633738,0.04054054054054054,1,False,,False,False
咸阳秦都西咸数据中心1号楼D203电力电池机房|4#开关电源蓄电池组|第2组|第2组电池组总电压|1-D203电池室放电电池数据表.xlsx|DC4|DC4,陕西省,咸阳,中国移动西咸数据中心,咸阳秦都西咸数据中心1号楼站点,咸阳秦都西咸数据中心1号楼D203电力电池机房,铅酸电池,4#开关电源蓄电池组,电池组总电压,第2组电池组总电压,2025-07-11T01:16:49,48.8,V,1-D203电池室放电电池数据表.xlsx,DC4,48.8,第2组,DC4,21,10204.0,False,48.3,54.2,-1.0185584697595842,0,False,False,False,0.8002013699537138,1.537227393358515,3,1.2836073874826135,-0.15397195984335132,-0.27130817692212406,-0.04352161288798106,2.2927243572633738,0.04054054054054054,1,False,,False,False
咸阳秦都西咸数据中心1号楼D203电力电池机房|6#开关电源蓄电池组|第1组|第1组电池组总电压|1-D203电池室放电电池数据表.xlsx|DC6|DC6,陕西省,咸阳,中国移动西咸数据中心,咸阳秦都西咸数据中心1号楼站点,咸阳秦都西咸数据中心1号楼D203电力电池机房,铅酸电池,6#开关电源蓄电池组,电池组总电压,第1组电池组总电压,2025-07-11T00:00:53,54.0,V,1-D203电池室放电电池数据表.xlsx,DC6,54.0,第1组,DC6,19,9819.0,False,44.4,54.0,-1.4776863803802174,0,False,False,False,0.7883725452504984,2.085742237884398,-5,0.056303593086186265,1.3716842034653283,0.45083414957310186,0.08388014586243388,2.2927243572633738,0.04054054054054054,1,False,,False,False
咸阳秦都西咸数据中心1号楼D203电力电池机房|3#开关电源蓄电池组|第2组|第2组电池组总电压|1-D203电池室放电电池数据表.xlsx|DC3|DC3,陕西省,咸阳,中国移动西咸数据中心,咸阳秦都西咸数据中心1号楼站点,咸阳秦都西咸数据中心1号楼D203电力电池机房,铅酸电池,3#开关电源蓄电池组,电池组总电压,第2组电池组总电压,2025-07-11T00:52:02,49.9,V,1-D203电池室放电电池数据表.xlsx,DC3,49.9,第2组,DC3,23,10193.0,False,48.0,54.3,-2.426317008655163,0,False,False,False,0.7882924700968493,2.992924253892792,0,1.7189132113939865,-0.656811732317904,-0.37483683651821764,0.09880634466298428,2.2927243572633738,0.04054054054054054,1,False,,False,False
咸阳秦都西咸数据中心1号楼D303电力电池机房|5#开关电源蓄电池组|第1组|第1组电池组总电压|1-D303电池室放电电池数据表.xlsx|DC5|DC5,陕西省,咸阳,中国移动西咸数据中心,咸阳秦都西咸数据中心1号楼站点,咸阳秦都西咸数据中心1号楼D303电力电池机房,铅酸电池,5#开关电源蓄电池组,电池组总电压,第1组电池组总电压,2025-07-10T01:56:19,48.0,V,1-D303电池室放电电池数据表.xlsx,DC5,48.0,第1组,DC5,18,10533.0,False,47.7,54.0,-0.1874528638914441,0,False,False,False,0.7631246487913047,1.0242271985716378,-6,0.578718956012843,0.9558505957126847,0.030561413867383924,0.11047823339642555,2.2927243572633738,0.04054054054054054,1,False,,False,False
咸阳秦都西咸数据中心1号楼J301电力电池机房|08#开关电源蓄电池组|第1组|第1组电池组总电压|1-J301电池室放电电池数据表.xlsx|DC8|DC8,陕西省,咸阳,中国移动西咸数据中心,咸阳秦都西咸数据中心1号楼站点,咸阳秦都西咸数据中心1号楼J301电力电池机房,铅酸电池,08#开关电源蓄电池组,电池组总电压,第1组电池组总电压,2025-07-09T02:12:21,45.3,V,1-J301电池室放电电池数据表.xlsx,DC8,45.3,第1组,DC8,23,13249.0,False,45.3,53.6,-1.262144501494748,0,False,False,False,0.7573204989000922,1.7729836781996533,5,-0.016851758658406435,1.2001213931320724,-0.012473519617519552,0.20181239891424618,2.2927243572633738,0.04054054054054054,1,False,,False,False
咸阳秦都西咸数据中心1号楼J301电力电池机房|10#开关电源蓄电池组|第2组|第2组电池组总电压|1-J301电池室放电电池数据表.xlsx|DC10|DC10,陕西省,咸阳,中国移动西咸数据中心,咸阳秦都西咸数据中心1号楼站点,咸阳秦都西咸数据中心1号楼J301电力电池机房,铅酸电池,10#开关电源蓄电池组,电池组总电压,第2组电池组总电压,2025-07-09T03:26:11,53.4,V,1-J301电池室放电电池数据表.xlsx,DC10,53.4,第2组,DC10,37,12636.0,False,37.2,53.9,-1.2953312801323964,0,False,False,False,0.7377219561065056,1.8439335282222127,-5,0.12637898014817311,1.3016610764930312,0.05380089771414556,0.03479957884944755,2.2927243572633738,0.04054054054054054,1,False,,False,False
咸阳秦都西咸数据中心1号楼J301电力电池机房|12#开关电源蓄电池组|第1组|第1组电池组总电压|1-J301电池室放电电池数据表.xlsx|DC12|DC12,陕西省,咸阳,中国移动西咸数据中心,咸阳秦都西咸数据中心1号楼站点,咸阳秦都西咸数据中心1号楼J301电力电池机房,铅酸电池,12#开关电源蓄电池组,电池组总电压,第1组电池组总电压,2025-07-08T03:21:47,52.9,V,1-J301电池室放电电池数据表.xlsx,DC12,52.9,第1组,DC12,12,5416.0,False,46.9,53.1,0.23633724617031038,0,False,False,False,0.7322407173820209,1.3104182733922325,-7,-0.3261124922543241,0.9985643078494383,-0.6536953712022722,0.2723548626449564,2.2927243572633738,0.04054054054054054,1,False,,False,False
咸阳秦都西咸数据中心1号楼J301电力电池机房|12#开关电源蓄电池组|第2组|第2组电池组总电压|1-J301电池室放电电池数据表.xlsx|DC12|DC12,陕西省,咸阳,中国移动西咸数据中心,咸阳秦都西咸数据中心1号楼站点,咸阳秦都西咸数据中心1号楼J301电力电池机房,铅酸电池,12#开关电源蓄电池组,电池组总电压,第2组电池组总电压,2025-07-08T03:01:08,52.0,V,1-J301电池室放电电池数据表.xlsx,DC12,52.0,第2组,DC12,12,5416.0,False,46.8,53.2,0.1924380621936827,0,False,False,False,0.732201724914082,1.32481755614552,-7,-0.3852559990348081,1.012003463751526,-0.6213097287157064,0.2712119159427177,2.2927243572633738,0.04054054054054054,1,False,,False,False
咸阳秦都西咸数据中心1号楼J301电力电池机房|03#开关电源蓄电池组|第2组|第2组电池组总电压|1-J301电池室放电电池数据表.xlsx|DC3|DC3,陕西省,咸阳,中国移动西咸数据中心,咸阳秦都西咸数据中心1号楼站点,咸阳秦都西咸数据中心1号楼J301电力电池机房,铅酸电池,03#开关电源蓄电池组,电池组总电压,第2组电池组总电压,2025-07-09T01:02:19,53.7,V,1-J301电池室放电电池数据表.xlsx,DC3,53.7,第2组,DC3,23,12882.0,False,45.1,53.8,0.0109891099277869,0,False,False,False,0.7079420117179256,1.2515049668574572,-7,-0.2868466539281179,0.854060450510484,0.6601575780375155,0.41040522807143626,2.2927243572633738,0.04054054054054054,1,False,,False,False
咸阳秦都西咸数据中心1号楼D303电力电池机房|5#开关电源蓄电池组|第2组|第2组电池组总电压|1-D303电池室放电电池数据表.xlsx|DC5|DC5,陕西省,咸阳,中国移动西咸数据中心,咸阳秦都西咸数据中心1号楼站点,咸阳秦都西咸数据中心1号楼D303电力电池机房,铅酸电池,5#开关电源蓄电池组,电池组总电压,第2组电池组总电压,2025-07-10T01:45:27,50.2,V,1-D303电池室放电电池数据表.xlsx,DC5,50.2,第2组,DC5,20,10533.0,False,47.3,54.0,-0.04192819656779778,0,False,False,False,0.6805287736253438,0.744133686235571,-6,0.5036260547083229,0.6957044587453959,-0.012955211913805276,-0.16096811560976743,2.2927243572633738,0.04054054054054054,1,False,,False,False
咸阳秦都西咸数据中心1号楼D201电力电池机房|4#开关电源蓄电池组|第1组|第1组电池组总电压|1-D201电池室放电电池数据表.xlsx|DC4|DC4,陕西省,咸阳,中国移动西咸数据中心,咸阳秦都西咸数据中心1号楼站点,咸阳秦都西咸数据中心1号楼D201电力电池机房,铅酸电池,4#开关电源蓄电池组,电池组总电压,第1组电池组总电压,2025-07-08T01:10:12,52.6,V,1-D201电池室放电电池数据表.xlsx,DC4,52.6,第1组,DC4,18,3605.0,False,46.3,53.6,0.6927135742345821,0,False,False,False,0.6415735691318318,1.250509697385347,7,-0.772763019609819,-0.07893921663799347,-0.3834062122400629,-0.1742396840319001,2.2927243572633738,0.04054054054054054,1,False,,False,False
咸阳秦都西咸数据中心1号楼J301电力电池机房|09#开关电源蓄电池组|第2组|第2组电池组总电压|1-J301电池室放电电池数据表.xlsx|DC9|DC9,陕西省,咸阳,中国移动西咸数据中心,咸阳秦都西咸数据中心1号楼站点,咸阳秦都西咸数据中心1号楼J301电力电池机房,铅酸电池,09#开关电源蓄电池组,电池组总电压,第2组电池组总电压,2025-07-09T02:13:03,51.5,V,1-J301电池室放电电池数据表.xlsx,DC9,51.5,第2组,DC9,20,12638.0,False,48.0,53.8,-1.7935265599564167,0,False,False,False,0.6250694460327424,2.3986493299123994,1,1.3633370625548529,-0.7024168659000315,-0.7550218428122403,0.010516670757212201,2.2927243572633738,0.04054054054054054,1,False,,False,False
咸阳秦都西咸数据中心1号楼D303电力电池机房|8#开关电源蓄电池组|第2组|第2组电池组总电压|1-D303电池室放电电池数据表.xlsx|DC8|DC8,陕西省,咸阳,中国移动西咸数据中心,咸阳秦都西咸数据中心1号楼站点,咸阳秦都西咸数据中心1号楼D303电力电池机房,铅酸电池,8#开关电源蓄电池组,电池组总电压,第2组电池组总电压,2025-07-10T00:11:47,54.2,V,1-D303电池室放电电池数据表.xlsx,DC8,54.2,第2组,DC8,13,10946.0,False,48.0,54.2,0.9313405374943644,0,False,False,False,0.6213093175050581,1.6330174846019163,6,0.9725001055259844,-0.720878366199723,0.8173082429488826,0.0036979388430095905,2.2927243572633738,0.04054054054054054,1,False,,False,False
咸阳秦都西咸数据中心1号楼J301电力电池机房|05#开关电源蓄电池组|第1组|第1组电池组总电压|1-J301电池室放电电池数据表.xlsx|DC5|DC5,陕西省,咸阳,中国移动西咸数据中心,咸阳秦都西咸数据中心1号楼站点,咸阳秦都西咸数据中心1号楼J301电力电池机房,铅酸电池,05#开关电源蓄电池组,电池组总电压,第1组电池组总电压,2025-07-09T02:26:21,53.3,V,1-J301电池室放电电池数据表.xlsx,DC5,53.3,第1组,DC5,22,12610.0,False,44.9,53.4,0.12141106087313758,0,False,False,False,0.6148284512463817,1.0527656770512706,-7,-0.4708119649321093,0.7228573089996755,0.25920187947824475,0.2803603569898356,2.2927243572633738,0.04054054054054054,1,False,,False,False
咸阳秦都西咸数据中心1号楼D203电力电池机房|7#开关电源蓄电池组|第2组|第2组电池组总电压|1-D203电池室放电电池数据表.xlsx|DC7|DC7,陕西省,咸阳,中国移动西咸数据中心,咸阳秦都西咸数据中心1号楼站点,咸阳秦都西咸数据中心1号楼D203电力电池机房,铅酸电池,7#开关电源蓄电池组,电池组总电压,第2组电池组总电压,2025-07-11T01:53:51,54.0,V,1-D203电池室放电电池数据表.xlsx,DC7,54.0,第2组,DC7,19,9144.0,False,48.9,54.2,0.648395176673901,0,False,False,False,0.6107027107367291,1.15509536373736,7,0.8070748710151907,0.7822797328037248,0.1553433994780691,-0.12861235083356198,2.2927243572633738,0.04054054054054054,1,False,,False,False
咸阳秦都西咸数据中心1号楼D201电力电池机房|4#开关电源蓄电池组|第2组|第2组电池组总电压|1-D201电池室放电电池数据表.xlsx|DC4|DC4,陕西省,咸阳,中国移动西咸数据中心,咸阳秦都西咸数据中心1号楼站点,咸阳秦都西咸数据中心1号楼D201电力电池机房,铅酸电池,4#开关电源蓄电池组,电池组总电压,第2组电池组总电压,2025-07-08T00:48:37,47.2,V,1-D201电池室放电电池数据表.xlsx,DC4,47.2,第2组,DC4,19,3605.0,False,46.6,53.6,0.7210552828636054,0,False,False,False,0.6043067231360356,1.2286190294231407,7,-0.7153491604938327,-0.06505665614469985,-0.42530462713462125,-0.14048525707257833,2.2927243572633738,0.04054054054054054,1,False,,False,False
咸阳秦都西咸数据中心1号楼D303电力电池机房|8#开关电源蓄电池组|第1组|第1组电池组总电压|1-D303电池室放电电池数据表.xlsx|DC8|DC8,陕西省,咸阳,中国移动西咸数据中心,咸阳秦都西咸数据中心1号楼站点,咸阳秦都西咸数据中心1号楼D303电力电池机房,铅酸电池,8#开关电源蓄电池组,电池组总电压,第1组电池组总电压,2025-07-10T01:11:49,54.2,V,1-D303电池室放电电池数据表.xlsx,DC8,54.2,第1组,DC8,14,11026.0,False,48.1,54.2,0.9513097401276773,0,False,False,False,0.601290010511459,1.6087458804881412,6,0.9862147259307518,-0.7131309858293239,0.7405243663535573,-0.018873264871562143,2.2927243572633738,0.04054054054054054,1,False,,False,False
咸阳秦都西咸数据中心1号楼D303电力电池机房|4#开关电源蓄电池组|第1组|第1组电池组总电压|1-D303电池室放电电池数据表.xlsx|DC4|DC4,陕西省,咸阳,中国移动西咸数据中心,咸阳秦都西咸数据中心1号楼站点,咸阳秦都西咸数据中心1号楼D303电力电池机房,铅酸电池,4#开关电源蓄电池组,电池组总电压,第1组电池组总电压,2025-07-10T00:52:41,54.0,V,1-D303电池室放电电池数据表.xlsx,DC4,54.0,第1组,DC4,19,10322.0,False,47.3,54.0,-1.5278540596195436,0,False,False,False,0.5930054787754377,1.9011648534124876,2,1.0145374379171503,-0.48517270970893456,-0.4581860438702714,-0.24683020666273248,2.2927243572633738,0.04054054054054054,1,False,,False,False
咸阳秦都西咸数据中心1号楼D203电力电池机房|2#开关电源蓄电池组|第1组|第1组电池组总电压|1-D203电池室放电电池数据表.xlsx|DC2|DC2,陕西省,咸阳,中国移动西咸数据中心,咸阳秦都西咸数据中心1号楼站点,咸阳秦都西咸数据中心1号楼D203电力电池机房,铅酸电池,2#开关电源蓄电池组,电池组总电压,第1组电池组总电压,2025-07-11T00:25:38,51.2,V,1-D203电池室放电电池数据表.xlsx,DC2,51.2,第1组,DC2,10,1737.0,True,47.1,54.1,0.7496696794208212,0,False,False,False,0.5878023240392023,0.936256394268872,7,-0.37660085415992806,-0.04161369229853912,-0.03523164993607991,-0.14049876350917095,2.2927243572633738,0.04054054054054054,1,False,,False,False
咸阳秦都西咸数据中心1号楼D203电力电池机房|7#开关电源蓄电池组|第1组|第1组电池组总电压|1-D203电池室放电电池数据表.xlsx|DC7|DC7,陕西省,咸阳,中国移动西咸数据中心,咸阳秦都西咸数据中心1号楼站点,咸阳秦都西咸数据中心1号楼D203电力电池机房,铅酸电池,7#开关电源蓄电池组,电池组总电压,第1组电池组总电压,2025-07-11T00:33:11,54.2,V,1-D203电池室放电电池数据表.xlsx,DC7,54.2,第1组,DC7,19,9144.0,False,48.8,54.2,0.686183738713449,0,False,False,False,0.5848036711932514,1.1281996585135596,7,0.7806407491171082,0.7059149099010598,0.15192280651537854,-0.2189726001135779,2.2927243572633738,0.04054054054054054,1,False,,False,False
咸阳秦都西咸数据中心1号楼D303电力电池机房|6#开关电源蓄电池组|第1组|第1组电池组总电压|1-D303电池室放电电池数据表.xlsx|DC6|DC6,陕西省,咸阳,中国移动西咸数据中心,咸阳秦都西咸数据中心1号楼站点,咸阳秦都西咸数据中心1号楼D303电力电池机房,铅酸电池,6#开关电源蓄电池组,电池组总电压,第1组电池组总电压,2025-07-10T02:09:26,46.3,V,1-D303电池室放电电池数据表.xlsx,DC6,46.3,第1组,DC6,21,10537.0,False,45.0,54.0,-0.48669960939867085,0,False,False,False,0.5842270620371504,1.7754892603005321,-7,-0.5717522043957586,1.463737232891289,0.3497420394020974,-0.276990020940623,2.2927243572633738,0.04054054054054054,1,False,,False,False
咸阳秦都西咸数据中心1号楼D303电力电池机房|4#开关电源蓄电池组|第2组|第2组电池组总电压|1-D303电池室放电电池数据表.xlsx|DC4|DC4,陕西省,咸阳,中国移动西咸数据中心,咸阳秦都西咸数据中心1号楼站点,咸阳秦都西咸数据中心1号楼D303电力电池机房,铅酸电池,4#开关电源蓄电池组,电池组总电压,第2组电池组总电压,2025-07-10T01:21:05,48.7,V,1-D303电池室放电电池数据表.xlsx,DC4,48.7,第2组,DC4,17,10322.0,False,47.7,54.0,-1.500602795204609,0,False,False,False,0.5839644390303129,1.8956192235033285,2,1.047567715130164,-0.49815277060291574,-0.4676106791691449,-0.22044646704415588,2.2927243572633738,0.04054054054054054,1,False,,False,False
咸阳秦都西咸数据中心1号楼D201电力电池机房|2#开关电源蓄电池组|第1组|第1组电池组总电压|1-D201电池室放电电池数据表.xlsx|DC2|DC2,陕西省,咸阳,中国移动西咸数据中心,咸阳秦都西咸数据中心1号楼站点,咸阳秦都西咸数据中心1号楼D201电力电池机房,铅酸电池,2#开关电源蓄电池组,电池组总电压,第1组电池组总电压,2025-07-08T01:15:31,53.6,V,1-D201电池室放电电池数据表.xlsx,DC2,53.6,第1组,DC2,13,3605.0,False,48.2,53.6,0.7855650784433812,0,False,False,False,0.5830487974587683,1.1087840324053497,-7,-0.16088464833991079,0.301658464732595,-0.7026404947695123,-0.11033888564364255,2.2927243572633738,0.04054054054054054,1,False,,False,False
咸阳秦都西咸数据中心1号楼J301电力电池机房|14#开关电源蓄电池组|第1组|第1组电池组总电压|1-J301电池室放电电池数据表.xlsx|DC14|DC14,陕西省,咸阳,中国移动西咸数据中心,咸阳秦都西咸数据中心1号楼站点,咸阳秦都西咸数据中心1号楼J301电力电池机房,铅酸电池,14#开关电源蓄电池组,电池组总电压,第1组电池组总电压,2025-07-08T03:44:49,50.6,V,1-J301电池室放电电池数据表.xlsx,DC14,50.6,第1组,DC14,11,4089.0,True,50.5,56.4,1.3808888836109354,0,False,False,False,0.5759416831849171,1.8422349802886502,7,0.84995208266827,-0.5278148100727927,0.9008084559647174,-0.022225244578416514,2.2927243572633738,0.04054054054054054,1,False,,False,False
咸阳秦都西咸数据中心1号楼J301电力电池机房|14#开关电源蓄电池组|第2组|第2组电池组总电压|1-J301电池室放电电池数据表.xlsx|DC14|DC14,陕西省,咸阳,中国移动西咸数据中心,咸阳秦都西咸数据中心1号楼站点,咸阳秦都西咸数据中心1号楼J301电力电池机房,铅酸电池,14#开关电源蓄电池组,电池组总电压,第2组电池组总电压,2025-07-08T03:20:33,56.2,V,1-J301电池室放电电池数据表.xlsx,DC14,56.2,第2组,DC14,11,4098.0,True,50.4,56.3,1.3807852339595597,0,False,False,False,0.5675655673759781,1.8171958234842602,7,0.8195636028315658,-0.5339755472898458,0.8678809263826486,-0.018017025389818496,2.2927243572633738,0.04054054054054054,1,False,,False,False
咸阳秦都西咸数据中心1号楼D303电力电池机房|6#开关电源蓄电池组|第2组|第2组电池组总电压|1-D303电池室放电电池数据表.xlsx|DC6|DC6,陕西省,咸阳,中国移动西咸数据中心,咸阳秦都西咸数据中心1号楼站点,咸阳秦都西咸数据中心1号楼D303电力电池机房,铅酸电池,6#开关电源蓄电池组,电池组总电压,第2组电池组总电压,2025-07-10T00:00:48,54.0,V,1-D303电池室放电电池数据表.xlsx,DC6,54.0,第2组,DC6,20,10537.0,False,45.1,54.0,-0.4523265580922231,0,False,False,False,0.5658674387405462,1.7301794141097935,-7,-0.5580663674487849,1.4249032828755284,0.3395532341150945,-0.30200997003541746,2.2927243572633738,0.04054054054054054,1,False,,False,False
咸阳秦都西咸数据中心1号楼J301电力电池机房|07#开关电源蓄电池组|第2组|第2组电池组总电压|1-J301电池室放电电池数据表.xlsx|DC7|DC7,陕西省,咸阳,中国移动西咸数据中心,咸阳秦都西咸数据中心1号楼站点,咸阳秦都西咸数据中心1号楼J301电力电池机房,铅酸电池,07#开关电源蓄电池组,电池组总电压,第2组电池组总电压,2025-07-09T03:56:22,53.5,V,1-J301电池室放电电池数据表.xlsx,DC7,53.5,第2组,DC7,16,8843.0,True,46.4,53.5,0.5485933366414862,0,False,False,False,0.5599072577689085,0.7997609830070058,-7,-0.02826499238737612,0.4426706636956571,0.12673269500216555,0.3629260394698244,2.2927243572633738,0.04054054054054054,1,False,,False,False
咸阳秦都西咸数据中心1号楼J301电力电池机房|06#开关电源蓄电池组|第1组|第1组电池组总电压|1-J301电池室放电电池数据表.xlsx|DC6|DC6,陕西省,咸阳,中国移动西咸数据中心,咸阳秦都西咸数据中心1号楼站点,咸阳秦都西咸数据中心1号楼J301电力电池机房,铅酸电池,06#开关电源蓄电池组,电池组总电压,第1组电池组总电压,2025-07-09T01:12:32,47.2,V,1-J301电池室放电电池数据表.xlsx,DC6,47.2,第1组,DC6,21,13317.0,False,44.4,53.3,-0.4440918120674031,0,False,False,False,0.5508452923666454,1.726995871652669,-7,-0.3973866800748256,1.5247697056221763,0.343128591739687,-0.1401789787369067,2.2927243572633738,0.04054054054054054,1,False,,False,False
咸阳秦都西咸数据中心1号楼D301电力电池机房|4#开关电源蓄电池组|第1组|第1组电池组总电压|1-D301电池室放电电池数据表.xlsx|DC4|DC4,陕西省,咸阳,中国移动西咸数据中心,咸阳秦都西咸数据中心1号楼站点,咸阳秦都西咸数据中心1号楼D301电力电池机房,铅酸电池,4#开关电源蓄电池组,电池组总电压,第1组电池组总电压,2025-07-08T02:16:16,53.4,V,1-D301电池室放电电池数据表.xlsx,DC4,53.4,第1组,DC4,12,4175.0,False,49.4,53.9,1.3290841416586374,0,False,False,False,0.5439159988372844,1.3890933247165103,7,0.4120893345600056,-0.25354949214850897,-0.36774837963446716,-0.1711458792089953,2.2927243572633738,0.04054054054054054,1,False,,False,False
咸阳秦都西咸数据中心1号楼D303电力电池机房|3#开关电源蓄电池组|第1组|第1组电池组总电压|1-D303电池室放电电池数据表.xlsx|DC3|DC3,陕西省,咸阳,中国移动西咸数据中心,咸阳秦都西咸数据中心1号楼站点,咸阳秦都西咸数据中心1号楼D303电力电池机房,铅酸电池,3#开关电源蓄电池组,电池组总电压,第1组电池组总电压,2025-07-10T01:18:53,48.5,V,1-D303电池室放电电池数据表.xlsx,DC3,48.5,第1组,DC3,23,10316.0,False,47.0,54.0,-2.083102588624197,0,False,False,False,0.5390225288153717,2.4445648091989938,-1,1.2251640865546158,-0.5257963799943957,-0.37488269085359494,-0.10698740556211415,2.2927243572633738,0.04054054054054054,1,False,,False,False
咸阳秦都西咸数据中心1号楼J301电力电池机房|07#开关电源蓄电池组|第1组|第1组电池组总电压|1-J301电池室放电电池数据表.xlsx|DC7|DC7,陕西省,咸阳,中国移动西咸数据中心,咸阳秦都西咸数据中心1号楼站点,咸阳秦都西咸数据中心1号楼J301电力电池机房,铅酸电池,07#开关电源蓄电池组,电池组总电压,第1组电池组总电压,2025-07-09T00:15:41,53.4,V,1-J301电池室放电电池数据表.xlsx,DC7,53.4,第1组,DC7,16,8843.0,True,46.3,53.5,0.6262134522556431,0,False,False,False,0.5375376389932122,0.7499777904734609,-7,-0.009655444768630866,0.3273873773173101,0.1416660881988753,0.23182743999728778,2.2927243572633738,0.04054054054054054,1,False,,False,False
咸阳秦都西咸数据中心1号楼D303电力电池机房|3#开关电源蓄电池组|第2组|第2组电池组总电压|1-D303电池室放电电池数据表.xlsx|DC3|DC3,陕西省,咸阳,中国移动西咸数据中心,咸阳秦都西咸数据中心1号楼站点,咸阳秦都西咸数据中心1号楼D303电力电池机房,铅酸电池,3#开关电源蓄电池组,电池组总电压,第2组电池组总电压,2025-07-10T01:19:06,52.9,V,1-D303电池室放电电池数据表.xlsx,DC3,52.9,第2组,DC3,23,10316.0,False,47.0,54.0,-2.0701766699688964,0,False,False,False,0.5350200599911147,2.445046856997603,-1,1.2484833299376956,-0.5330493959491622,-0.3697338700519712,-0.12658355919301517,2.2927243572633738,0.04054054054054054,1,False,,False,False
咸阳秦都西咸数据中心1号楼D303电力电池机房|2#开关电源蓄电池组|第1组|第1组电池组总电压|1-D303电池室放电电池数据表.xlsx|DC2|DC2,陕西省,咸阳,中国移动西咸数据中心,咸阳秦都西咸数据中心1号楼站点,咸阳秦都西咸数据中心1号楼D303电力电池机房,铅酸电池,2#开关电源蓄电池组,电池组总电压,第1组电池组总电压,2025-07-10T00:00:47,54.2,V,1-D303电池室放电电池数据表.xlsx,DC2,54.2,第1组,DC2,19,9716.0,False,46.6,54.2,0.06520604664418572,0,False,False,False,0.5215950015985495,1.062156331523665,-7,-0.12842755014103424,0.9946042379913981,0.2657225889571849,-0.060495887965360595,2.2927243572633738,0.04054054054054054,1,False,,False,False
咸阳秦都西咸数据中心1号楼D303电力电池机房|2#开关电源蓄电池组|第2组|第2组电池组总电压|1-D303电池室放电电池数据表.xlsx|DC2|DC2,陕西省,咸阳,中国移动西咸数据中心,咸阳秦都西咸数据中心1号楼站点,咸阳秦都西咸数据中心1号楼D303电力电池机房,铅酸电池,2#开关电源蓄电池组,电池组总电压,第2组电池组总电压,2025-07-10T02:12:42,54.2,V,1-D303电池室放电电池数据表.xlsx,DC2,54.2,第2组,DC2,19,9716.0,False,46.5,54.2,0.04329348255377019,0,False,False,False,0.5178459740104333,1.084942318710161,-7,-0.14475465417164807,1.0052391165969428,0.2901769399464218,-0.07889792564048094,2.2927243572633738,0.04054054054054054,1,False,,False,False
咸阳秦都西咸数据中心1号楼D201电力电池机房|1#开关电源蓄电池组|第2组|第2组电池组总电压|1-D201电池室放电电池数据表.xlsx|DC1|DC1,陕西省,咸阳,中国移动西咸数据中心,咸阳秦都西咸数据中心1号楼站点,咸阳秦都西咸数据中心1号楼D201电力电池机房,铅酸电池,1#开关电源蓄电池组,电池组总电压,第2组电池组总电压,2025-07-08T00:08:13,47.2,V,1-D201电池室放电电池数据表.xlsx,DC1,47.2,第2组,DC1,12,4120.0,False,46.7,53.6,0.6380007229371002,0,False,False,False,0.5169191219619237,1.0148885121278455,-7,-0.3928853107257252,0.27073886196023267,-0.3609080102810367,0.3765781350313832,2.2927243572633738,0.04054054054054054,1,False,,False,False
咸阳秦都西咸数据中心1号楼D301电力电池机房|1#开关电源蓄电池组|第2组|第2组电池组总电压|1-D301电池室放电电池数据表.xlsx|DC1|DC1,陕西省,咸阳,中国移动西咸数据中心,咸阳秦都西咸数据中心1号楼站点,咸阳秦都西咸数据中心1号楼D301电力电池机房,铅酸电池,1#开关电源蓄电池组,电池组总电压,第2组电池组总电压,2025-07-08T02:22:05,53.8,V,1-D301电池室放电电池数据表.xlsx,DC1,53.8,第2组,DC1,14,4113.0,False,49.8,53.8,1.2572298373761461,0,False,False,False,0.5073169719674963,1.382739028353619,-7,0.7373016581586304,0.07267076730152128,-0.33480516597470267,0.2429360459848673,2.2927243572633738,0.04054054054054054,1,False,,False,False
咸阳秦都西咸数据中心1号楼D201电力电池机房|1#开关电源蓄电池组|第1组|第1组电池组总电压|1-D201电池室放电电池数据表.xlsx|DC1|DC1,陕西省,咸阳,中国移动西咸数据中心,咸阳秦都西咸数据中心1号楼站点,咸阳秦都西咸数据中心1号楼D201电力电池机房,铅酸电池,1#开关电源蓄电池组,电池组总电压,第1组电池组总电压,2025-07-08T00:29:36,53.5,V,1-D201电池室放电电池数据表.xlsx,DC1,53.5,第1组,DC1,13,4120.0,False,46.7,53.6,0.6260623626807514,0,False,False,False,0.5067622122950297,0.9995470369348552,-7,-0.398078846850598,0.27847679114367097,-0.3495868595627878,0.34984615788733775,2.2927243572633738,0.04054054054054054,1,False,,False,False
咸阳秦都西咸数据中心1号楼J301电力电池机房|06#开关电源蓄电池组|第2组|第2组电池组总电压|1-J301电池室放电电池数据表.xlsx|DC6|DC6,陕西省,咸阳,中国移动西咸数据中心,咸阳秦都西咸数据中心1号楼站点,咸阳秦都西咸数据中心1号楼J301电力电池机房,铅酸电池,06#开关电源蓄电池组,电池组总电压,第2组电池组总电压,2025-07-09T03:56:31,53.2,V,1-J301电池室放电电池数据表.xlsx,DC6,53.2,第2组,DC6,23,13317.0,False,44.2,53.2,-0.27721092782198076,0,False,False,False,0.49567505073728335,1.512482502120945,-7,-0.29222147095682444,1.397060039546251,0.22564220863200285,-0.11648376531999324,2.2927243572633738,0.04054054054054054,1,False,,False,False
咸阳秦都西咸数据中心1号楼D203电力电池机房|8#开关电源蓄电池组|第1组|第1组电池组总电压|1-D203电池室放电电池数据表.xlsx|DC8|DC8,陕西省,咸阳,中国移动西咸数据中心,咸阳秦都西咸数据中心1号楼站点,咸阳秦都西咸数据中心1号楼D203电力电池机房,铅酸电池,8#开关电源蓄电池组,电池组总电压,第1组电池组总电压,2025-07-11T01:03:24,54.3,V,1-D203电池室放电电池数据表.xlsx,DC8,54.3,第1组,DC8,20,9620.0,False,48.0,54.3,0.9307642932847215,0,False,False,False,0.4644955581545134,1.1320444871046766,7,0.4819694186284362,0.012977350117690134,0.5241462011902529,-0.32381411085858247,2.2927243572633738,0.04054054054054054,1,False,,False,False
咸阳秦都西咸数据中心1号楼D301电力电池机房|2#开关电源蓄电池组|第2组|第2组电池组总电压|1-D301电池室放电电池数据表.xlsx|DC2|DC2,陕西省,咸阳,中国移动西咸数据中心,咸阳秦都西咸数据中心1号楼站点,咸阳秦都西咸数据中心1号楼D301电力电池机房,铅酸电池,2#开关电源蓄电池组,电池组总电压,第2组电池组总电压,2025-07-08T01:55:00,50.3,V,1-D301电池室放电电池数据表.xlsx,DC2,50.3,第2组,DC2,12,3603.0,False,49.1,53.9,0.986260586288632,0,False,False,False,0.4589317109164489,1.0743875201888826,-7,0.2586065627945095,0.2089031287325448,-0.5059682219895251,-0.010448645240934307,2.2927243572633738,0.04054054054054054,1,False,,False,False
咸阳秦都西咸数据中心1号楼D301电力电池机房|2#开关电源蓄电池组|第1组|第1组电池组总电压|1-D301电池室放电电池数据表.xlsx|DC2|DC2,陕西省,咸阳,中国移动西咸数据中心,咸阳秦都西咸数据中心1号楼站点,咸阳秦都西咸数据中心1号楼D301电力电池机房,铅酸电池,2#开关电源蓄电池组,电池组总电压,第1组电池组总电压,2025-07-08T02:25:55,53.8,V,1-D301电池室放电电池数据表.xlsx,DC2,53.8,第1组,DC2,13,3603.0,False,49.1,53.9,0.9798191219598709,0,False,False,False,0.45701262553325495,1.0648881226058031,-7,0.2766103570722889,0.22171054290711717,-0.4891930415377368,-0.03132950139914122,2.2927243572633738,0.04054054054054054,1,False,,False,False
咸阳秦都西咸数据中心1号楼D303电力电池机房|1#开关电源蓄电池组|第1组|第1组电池组总电压|1-D303电池室放电电池数据表.xlsx|DC1|DC1,陕西省,咸阳,中国移动西咸数据中心,咸阳秦都西咸数据中心1号楼站点,咸阳秦都西咸数据中心1号楼D303电力电池机房,铅酸电池,1#开关电源蓄电池组,电池组总电压,第1组电池组总电压,2025-07-10T00:12:26,48.0,V,1-D303电池室放电电池数据表.xlsx,DC1,48.0,第1组,DC1,18,9712.0,False,47.4,54.4,0.6978334881507582,0,False,False,False,0.4556854170492818,0.9958998011646,-7,0.44903343437214627,0.3273836892667609,0.605628575481689,0.10454525107765257,2.2927243572633738,0.04054054054054054,1,False,,False,False
咸阳秦都西咸数据中心1号楼D303电力电池机房|1#开关电源蓄电池组|第2组|第2组电池组总电压|1-D303电池室放电电池数据表.xlsx|DC1|DC1,陕西省,咸阳,中国移动西咸数据中心,咸阳秦都西咸数据中心1号楼站点,咸阳秦都西咸数据中心1号楼D303电力电池机房,铅酸电池,1#开关电源蓄电池组,电池组总电压,第2组电池组总电压,2025-07-10T02:12:37,54.3,V,1-D303电池室放电电池数据表.xlsx,DC1,54.3,第2组,DC1,16,9712.0,False,47.8,54.4,0.7121801553678988,0,False,False,False,0.4422548563418644,0.9995361337172095,-7,0.47424261624622593,0.3306943260672864,0.5845969175347567,0.10440475230257219,2.2927243572633738,0.04054054054054054,1,False,,False,False
咸阳秦都西咸数据中心1号楼D303电力电池机房|7#开关电源蓄电池组|第1组|第1组电池组总电压|1-D303电池室放电电池数据表.xlsx|DC7|DC7,陕西省,咸阳,中国移动西咸数据中心,咸阳秦都西咸数据中心1号楼站点,咸阳秦都西咸数据中心1号楼D303电力电池机房,铅酸电池,7#开关电源蓄电池组,电池组总电压,第1组电池组总电压,2025-07-10T00:00:49,54.0,V,1-D303电池室放电电池数据表.xlsx,DC7,54.0,第1组,DC7,15,10506.0,False,49.1,54.0,1.2427863117464548,0,False,False,False,0.44059306188943753,1.3924593544170236,7,0.8368422662779185,-0.07800403544683421,0.19772320622646702,-0.18616550304717375,2.2927243572633738,0.04054054054054054,1,False,,False,False
咸阳秦都西咸数据中心1号楼D303电力电池机房|7#开关电源蓄电池组|第2组|第2组电池组总电压|1-D303电池室放电电池数据表.xlsx|DC7|DC7,陕西省,咸阳,中国移动西咸数据中心,咸阳秦都西咸数据中心1号楼站点,咸阳秦都西咸数据中心1号楼D303电力电池机房,铅酸电池,7#开关电源蓄电池组,电池组总电压,第2组电池组总电压,2025-07-10T01:11:49,54.0,V,1-D303电池室放电电池数据表.xlsx,DC7,54.0,第2组,DC7,16,10506.0,False,49.0,54.0,1.0971591749535796,0,False,False,False,0.402376261432981,1.288938665754496,7,0.8810635027427279,0.16187506905271482,0.2403621660915411,0.06825049641163157,2.2927243572633738,0.04054054054054054,1,False,,False,False
咸阳秦都西咸数据中心1号楼D301电力电池机房|1#开关电源蓄电池组|第1组|第1组电池组总电压|1-D301电池室放电电池数据表.xlsx|DC1|DC1,陕西省,咸阳,中国移动西咸数据中心,咸阳秦都西咸数据中心1号楼站点,咸阳秦都西咸数据中心1号楼D301电力电池机房,铅酸电池,1#开关电源蓄电池组,电池组总电压,第1组电池组总电压,2025-07-08T01:10:54,53.9,V,1-D301电池室放电电池数据表.xlsx,DC1,53.9,第1组,DC1,15,4271.0,False,49.4,54.0,1.220310027298471,0,False,False,False,0.39608242308832337,1.2524475401534407,-7,0.5997930798901254,-0.0461646967180766,-0.15995521252153028,-0.012561965545281037,2.2927243572633738,0.04054054054054054,1,False,,False,False
咸阳秦都西咸数据中心1号楼D301电力电池机房|4#开关电源蓄电池组|第2组|第2组电池组总电压|1-D301电池室放电电池数据表.xlsx|DC4|DC4,陕西省,咸阳,中国移动西咸数据中心,咸阳秦都西咸数据中心1号楼站点,咸阳秦都西咸数据中心1号楼D301电力电池机房,铅酸电池,4#开关电源蓄电池组,电池组总电压,第2组电池组总电压,2025-07-08T02:02:48,49.5,V,1-D301电池室放电电池数据表.xlsx,DC4,49.5,第2组,DC4,16,4166.0,False,49.0,53.9,1.1257089162643665,0,False,False,False,0.3936328720860891,1.1264796734933626,7,0.4332405812622487,0.011320151056044447,-0.22863446146305866,-0.013457483119238542,2.2927243572633738,0.04054054054054054,1,False,,False,False
咸阳秦都西咸数据中心1号楼D203电力电池机房|8#开关电源蓄电池组|第2组|第2组电池组总电压|1-D203电池室放电电池数据表.xlsx|DC8|DC8,陕西省,咸阳,中国移动西咸数据中心,咸阳秦都西咸数据中心1号楼站点,咸阳秦都西咸数据中心1号楼D203电力电池机房,铅酸电池,8#开关电源蓄电池组,电池组总电压,第2组电池组总电压,2025-07-11T01:33:27,54.3,V,1-D203电池室放电电池数据表.xlsx,DC8,54.3,第2组,DC8,19,9492.0,False,48.1,54.3,0.880642910147923,0,False,False,False,0.38773920328578154,1.0479309799400862,7,0.4962842900520555,0.11840508273026534,0.48763557549216713,-0.18230015177601414,2.2927243572633738,0.04054054054054054,1,False,,False,False
咸阳秦都西咸数据中心1号楼D203电力电池机房|1#开关电源蓄电池组|第1组|第1组电池组总电压|1-D203电池室放电电池数据表.xlsx|DC1|DC1,陕西省,咸阳,中国移动西咸数据中心,咸阳秦都西咸数据中心1号楼站点,咸阳秦都西咸数据中心1号楼D203电力电池机房,铅酸电池,1#开关电源蓄电池组,电池组总电压,第1组电池组总电压,2025-07-11T00:03:22,48.9,V,1-D203电池室放电电池数据表.xlsx,DC1,48.9,第1组,DC1,18,10737.0,False,48.9,54.2,1.0568862412868152,0,False,False,False,0.35338682036109426,1.2962642119516385,-7,0.860920175964772,0.1308332119202094,0.43116836683391335,0.02285430675318234,2.2927243572633738,0.04054054054054054,1,False,,False,False
咸阳秦都西咸数据中心1号楼D203电力电池机房|1#开关电源蓄电池组|第2组|第2组电池组总电压|1-D203电池室放电电池数据表.xlsx|DC1|DC1,陕西省,咸阳,中国移动西咸数据中心,咸阳秦都西咸数据中心1号楼站点,咸阳秦都西咸数据中心1号楼D203电力电池机房,铅酸电池,1#开关电源蓄电池组,电池组总电压,第2组电池组总电压,2025-07-11T00:03:22,48.9,V,1-D203电池室放电电池数据表.xlsx,DC1,48.9,第2组,DC1,18,10737.0,False,48.9,54.2,1.056168711733102,0,False,False,False,0.35274326066837264,1.2947476978451717,-7,0.8594661880698093,0.13124140522764874,0.43044222555954026,0.023050050775121136,2.2927243572633738,0.04054054054054054,1,False,,False,False
